Strain,H2O,TotalTHC,THC,Δ8-THC,Δ9-THC,THCA,THCV,TotalCBD,CBDA,CBDV,CBDVA,CBC,CBG,CBN,α-Pinene,Camphene,Myrcene,β-Pinene,3-Carene,α-Terpinene,D-Limonene,p-Cymene,Ocimene,Eucalyptol,γ-Terpinene,Terpinolene,Linalool,Isopulegol,Geraniol,β-Caryophyllene,α-Humelene,Nerolidol-1,Nerolidol-2,Guaiol,CaryophylleneOxide,α-Bisabolol
CHEM 4,8.60%,193,193,,0,203,,0,0,,,,,,0.18,0.04,1.16,0.22,0,0.03,1.57,0,0.15,0.05,0.03,0.04,0.37,0,0,5.48,2.03,0,0,0,0,0.87
Z7,8.50%,0,0,,0,0,,140,147,,,,,,0.16,0.03,5.15,0.1,0,0.03,0.9,0.09,0,0.03,0.03,0.04,0.25,0,0,2.35,1.14,0,0,0.25,0,0.62
ACDC/Harlequin,14.80%,141,141,,0,138,,56,55,,,,,,0.22,0.04,3.66,0.15,0,0,1.72,0.05,0.08,0.06,0.04,0.04,0.39,0,0,3.11,1.2,0,0,0.2,0,0.32
HarleyWreck,8.40%,75,75,,0,79,,38,40,,,,,,0.14,0.02,3.41,0.16,0,0.04,1.06,0.07,0.15,0.09,0.04,0.1,0.42,0,0,2.95,0.99,0,0,0.25,0,0.25
Sour Amnesia,13.20%,222,222,,0,222,,0,0,,,,,,0.84,0.08,2.03,0.42,0.29,0.3,1.05,0.21,3.03,0.06,0.33,3.91,0.28,0,0,1.42,0.58,0,0,0,0,0.19
Jack Herer,10.10%,245,245,,0,253,,0,0,,,,,,0.79,0.04,2.91,0.64,0.35,0.28,1.67,0.19,4.27,0.05,0.37,4.65,0.44,0,0,1.7,0.76,0,0,0.31,0,0.35
Critical Cheese,10.60%,138,138,,0,142,,0,0,,,,,,4.64,0.22,4.24,1.47,0,0.04,1.57,0,0.15,0,0.03,0.11,0.89,0,0,0.83,0.44,0,0,0,0,0
Sour Tangie,10.10%,254,254,,0,263,,0,0,,,,,,2.26,0.17,5.68,0.62,0.03,0.03,1.3,0,0.07,0,0.02,0.06,1.02,0.11,0.16,0.63,0.29,0.14,0.1,0.08,0.07,0.12
WildFire,8.20%,165,165,,0,174,,0,0,,,,,,0.6,0.2,3.84,0.78,0,0.03,4.1,0,0.14,0,0.03,0.09,1.08,0,0,3.22,1.33,0,0,0,0,0.41
Papaya,9.30%,119,119,,0,124,,62,65,,,,,,0.96,0.13,3.75,0.39,0,0,3.03,0.05,0.89,0.06,0.04,0.06,0.52,0,0,0.86,0.32,0,0,0,0,0.2
CBD Critical Mass,10.10%,68,68,,0,70,,104,107,,,,,,3,0.04,8.42,1.07,0,0.04,0.88,0.17,0,0,0.04,0.07,0.8,0,0,1.89,0.79,0,0,0.48,0,0
Moon Puppies,9.10%,279,279,,0,291,,0,0,,,,,,1.31,0.18,1.54,0.5,0.43,0.54,1.5,0.26,0.99,0.09,0.48,4.89,0.14,0,0,1.02,0.41,0,0,0,0,0.16
Master Kush,9.70%,137,137,,0,142,,0,0,,,,,,0.39,0.13,0.54,0.5,0,0.03,2.38,0,0.14,0,0.03,0.08,0.88,0,0,1.61,0.55,0.11,0,0,0,0.46
Romulan Grapefruit,8.60%,152,152,,0,160,,0,0,,,,,,1.8,0.02,7.51,0.6,0,0.04,0.73,0,0.12,0,0.03,0.05,0.3,0,0,0.31,0.17,0,0,0,0,0
Golden Pineapple,9.80%,213,213,,0,221,,0,0,,,,,,0.97,0.08,1.88,0.98,0.4,0.31,1.18,0.12,1.25,0.08,0.38,4.58,0.25,0,0,0.96,0.32,0,0,0.31,0,0.15
Kush Med,11.40%,212,212,,0,216,,0,0,,,,,,1.86,0.03,7.02,0.76,0,0.04,0.98,0,0.12,0.03,0.05,0.06,0.72,0,0,1.87,0.79,0,0,0.41,0,0.46
Blackberry Swirl,9.40%,206,206,,0,214,,0,0,,,,,,0.56,0.19,0.33,0.51,0,0.03,3.79,0,0.15,0,0.03,0.1,0.75,0,0,1.58,0.55,0.12,0,0,0,0.17
Chuy Purps,12.00%,220,220,,0,222,,0,0,,,,,,0.25,0.07,5.17,0.14,0,0.04,1.48,0,0.13,0.03,0.03,0.11,1.28,0,0,2.41,0.78,0,0,0,0,0.23
Young Jedi,14.20%,218,218,,0,215,,0,0,,,,,,1.75,0.14,6.41,0.53,0,0.03,1.79,0,0.41,0.03,0.04,0.09,0.15,0,0,1.07,0.33,0,0,0.15,0,0
Double Sour D Mint,8.70%,153,153,,0,160,,0,0,,,,,,2.66,0.13,2.27,0.89,0.11,0.11,1.12,0.03,0.62,0.04,0.14,1.21,0.69,0,0,1.65,0.54,0,0,0,0,0.21
Cannatonic,10.10%,50,50,,0,52,,150,155,,,,,,1.44,0.06,6.3,0.59,0,0.04,0.9,0.42,0.18,0.06,0.04,0.12,0.52,0,0,1.57,0.55,0,0,0.39,0.07,0.35
AC/DC,10.50%,35,35,,0,36,,130,134,,,,,,3.17,0,13.29,1.21,0,0.07,1.27,0.01,0,0,0.07,0.08,0.79,0,0,2.02,0.65,0,0,0.53,0,0.81
Blue Dream,11.50%,233,233,,0,237,,0,0,,,,,,4.62,0.08,9.91,1.71,0,0.04,0.67,0,0.14,0,0.04,0.06,0.5,0,0,1.58,0.6,0,0,0,0,0.38
Lemon Kush X Mountain Girl,13.90%,237,237,,0,235,,0,0,,,,,,2.81,0.08,13.4,1.08,0,0,1.89,0,0.46,0,0.04,0.07,0.35,0,0,3.24,1.04,0,0,0,0,0.45
Corazon,9.70%,0,0,,0,0,,158,164,,,,,,1.61,0.05,9.62,0.6,0,0.04,1,0.06,0.1,0,0.04,0.05,0.41,0,0,0.76,0.26,0,0,0.32,0,0.51
White Cookies,11.30%,291,291,,0,297,,0,0,,,,,,0.51,0.16,1.9,0.34,0,0,3.55,0,0.07,0,0.02,0.05,0.34,0,0,0.88,0.31,0,0,0,0,0.15
Super Gold,12.90%,142,142,,0,142,,0,0,,,,,,0.48,0.03,0.55,0.45,0.16,0.11,0.75,0.08,0.47,0.02,0.18,0.49,0.13,0,0,0.87,0.37,0,0,0,0,0.16
Black Widow,10.30%,290,290,,0,299,,0,0,,,,,,1.11,0.06,4.24,1.25,0.62,0.6,2.35,0.26,4.78,0.1,0.66,11.09,0.29,0,0,0.63,0.3,0,0.44,0.47,0,0
CBDiesel,12.00%,51,51,,0,52,,46,47,,,,,,1.48,0.03,6.07,0.42,0,0.04,0.59,0.04,0.58,0.01,0.03,0.04,0.65,0,0,0.46,0.18,0,0,0,0,0.32
U Dub,10.10%,154,154,,0,159,,0,0,,,,,,1.32,0.28,0.54,0.82,0,0.04,5.23,0,0.39,0.01,0.04,0.13,1.24,0,0,3.41,1.09,0,0,0,0,0.27
Mystery Machine,9.70%,184,184,,0,191,,0,0,,,,,,0.61,0.21,2.56,0.86,0,0.03,5.05,0,0.15,0,0.03,0.13,1.06,0,0,3.13,1.35,0,0,0,0,0.23
Shaolin Kush #2,12.70%,257,257,,0,258,,0,0,,,,,,0.31,0.03,15.29,0.45,0,0,3.2,0,0.17,0,0.04,0.07,1.56,0,0,3.42,1.36,0,0,0.52,0,0.83
Mindful Kush,13.50%,167,167,,0,166,,0,0,,,,,,0.46,0.13,8.98,0.69,0,0,4.79,0,0.12,0,0.04,0,2.08,0,0,5.32,2.31,0,0,0,0,1.2
Hornblower,11.10%,171,171,,0,175,,0,0,,,,,,5.61,0.07,15.08,2.05,0,0,1.78,0,0.42,0,0.06,0.08,0.67,0,0,0.6,0.23,0,0,0,0,0.62
Black Cherry Soda,9.20%,104,104,,0,109,,0,0,,,,,,0.5,0.06,1.18,0.59,0.16,0.18,1.84,0.04,1.56,0.03,0.21,3.01,0.36,0,0,1.63,0.59,0,0,0,0,0.4
Lemon Drop,11.80%,186,186,,0,189,,0,0,,,,,,3.15,0.12,8.36,1.47,0,0,2.89,0,0.38,0.05,0.06,0.06,0.56,0,0,3.1,1.32,0,0,0,0,0.42
Blueberry,9.90%,154,154,,0,159,,0,0,,,,,,2.75,0.12,5.99,0.98,0.18,0.13,0.98,0.18,0.12,0.03,0.19,0.63,0.22,0,0,0.76,0.29,0,0,0.17,0,0.26
Grape Kush,8.50%,144,144,,0,152,,0,0,,,,,,0.17,0.04,4.57,0.27,0,0.03,0.96,0,0.14,0,0.02,0.03,0.43,0,0,1.14,0.46,0,0,0,0,0.38
Grinspoon,10.30%,140,140,,0,144,,0,0,,,,,,0.56,0.06,1.92,0.6,0.2,0.23,1.01,0.02,1.16,0.03,0.21,3.9,0.31,0,0,0.75,0.37,0,0,0,0,0.18
Golden Cobra,8.40%,135,135,,0,142,,0,0,,,,,,0.15,0.03,3.23,0.16,0,0,0.97,0,0.06,0,0.02,0.02,0.52,0,0,2.35,0.72,0,0,0.27,0,0.29
Montana Silvertip,9.40%,202,202,,0,210,,0,0,,,,,,2.46,0.12,5.56,0.63,0,0.03,1.11,0,0.85,0,0.03,0.05,0.53,0,0,1.51,0.51,0,0,0,0,0.14
Dogwalker OG,10.10%,248,248,,0,256,,0,0,,,,,,0.96,0.32,1.87,1.16,0,0.04,5.5,0,0.17,0,0.04,0.21,1.14,0,0,3.02,1.18,0,0,0,0,0.49
Pineapple Express,13.70%,213,213,,0,211,,0,0,,,,,,2.66,0.09,4.69,1.1,0,0.03,0.83,0,0.06,0.01,0.03,0.04,0.32,0,0.39,1.95,0.82,0,0,0,0,0.17
Steven Hawking,10.50%,189,189,,0,194,,0,0,,,,,,0.2,0.06,6.45,0.31,0,0.04,1.46,0,0,0,0.04,0.05,0.27,0,0,2.5,0.98,0,0,0.45,0,0.52
Durbon Poison,11.60%,153,153,,0,155,,0,0,,,,,,0.18,0.06,6.52,0.28,0,0.03,1.78,0,0,0,0.03,0,1.4,0,0,3.48,1.1,0,0,0.07,0,0.48
Wedding Cake,9.20%,126,126,,0,131,,0,0,,,,,,0.14,0.06,0.94,0.13,0,0,0.98,0,0.11,0.01,0.03,0.08,0.64,0,0,1.83,0.75,0,0,0,0,0.15
Key Lime Cake,9.80%,120,120,,0,125,,0,0,,,,,,0.87,0.06,3.14,0.43,0,0.03,0.62,0,0.17,0,0.02,0.07,0.41,0,0,1.49,0.68,0,0,0,0,0.18
Quantum Kush,9.10%,194,194,,0,203,,0,0,,,,,,0.99,0.19,0.76,0.58,0,0,4.03,0,1.66,0.02,0.04,0.08,0.64,0,0,2.25,0.78,0,0,0,0,0.17
Black Lime Reserve,12.10%,198,198,,0,200,,0,0,,,,,,3.66,0.09,6.41,1.15,0,0.04,1.27,0,0.11,0,0.04,0.07,0.6,0,0,3.17,1.13,0,0,0,0,0.47
Swiss Tsu,9.90%,0,0,,0,0,,101,105,,,,,,1.36,0.03,3.59,0.46,0.09,0.12,0.33,0.3,0.75,0.01,0.12,1.66,0.19,0,0,0.5,0.25,0,0,0.15,0,0.12
Llama Kush,12.20%,0,0,,0,0,,118,119,,,,,,1.2,0.03,5.68,0.43,0,0.03,0.62,0.19,0.32,0.02,0.03,0.04,0.09,0,0,1.2,0.41,0,0,0.19,0,0.43
OG-78,14.60%,73,73,,0,72,,133,131,,,,,,4.67,0.14,10.48,1.3,0,0.05,1.38,0.14,0,0,0.04,0.06,0.38,0,0,2,0.74,0,0,0.36,0,0.45
Wifi #3,7.50%,239,239,,0,254,,0,0,,,,,,0.87,0.32,1.67,0.91,0,0,3.74,0,0.11,0,0.03,0.1,1.32,0,0,2.05,0.77,0,0,0,0,0.2
Silver Hawk,11.70%,215,215,,0,218,,0,0,,,,,,0.79,0.08,2.3,0.43,0.31,0.3,1.23,0.26,1.24,0.08,0.34,3.25,0.22,0,0,0.89,0.4,0,0,0,0,0.14
Durban Poison,11.70%,237,237,,0,240,,0,0,,,,,,1.36,0.08,2.77,1.47,0.71,0.41,2,0.6,2.6,0.13,0.63,2.74,0.14,0,0,0.47,0.17,0,0,0.16,0,0
Cherry 1,10.50%,219,219,,0,225,,0,0,,,,,,0.58,0.2,2.47,0.49,0,0.05,3.26,0,0.18,0.1,0.05,0.11,1.97,0,0,4.89,2.08,0,0,0,0,0.53
Critical Cure,11.70%,33,33,,0,34,,95,96,,,,,,2.29,0.06,9.21,0.84,0,0.04,1.07,0.16,0,0,0.04,0.05,0.25,0,0,0.58,0.25,0,0,0.2,0,0.21
Guava Chem,10.70%,168,168,,0,173,,0,0,,,,,,1.08,0.08,5.17,0.4,0,0.03,1.24,0,3.06,0,0.02,0.04,0.43,0,0,1.81,0.78,0,0,0,0,0.27
Bubblegum,12.00%,220,220,,0,223,,0,0,,,,,,0.55,0.18,3.03,0.75,0,0,5.19,0,0.1,0,0.03,0,2.95,0,0,4.04,1.67,0,0,0,0,0.54
Sci Fi,9.20%,103,103,,0,108,,0,0,,,,,,0.24,0.04,1.32,0.27,0.04,0.06,0.7,0,0.32,0.01,0.07,0.71,0.19,0,0,2.24,0.74,0,0,0,0,0.22
Gorilla Glue #4,12.70%,220,220,,0,221,,0,0,,,,,,0.83,0.12,1.47,0.55,0,0,2.87,0,0.09,0.01,0.03,0.04,0.33,0,0,4.12,1.48,0,0,0,0,0.52
Purple Hindu Kush,9.40%,220,220,,0,229,,0,0,,,,,,2.33,0.28,0.85,1.43,0,0,6.93,0,0.21,0,0.05,0.14,1.73,0,0,2.19,0.74,0,0,0,0,0.41
GT Dragon,11.50%,198,198,,0,201,,0,0,,,,,,2.39,0.26,0.54,1.11,0,0.04,4.91,0,1.11,0,0.04,0.11,0.94,0,0,1.51,0.52,0,0,0,0,0.21
Jack's Dream,9.50%,189,189,,0,197,,0,0,,,,,,2.54,0,13.94,0.95,0,0.06,0.72,0,0,0,0.05,0.04,0.49,0,0,2.1,0.64,0,0,0,0,0.56
Sour Apple,14.90%,223,223,,0,218,,0,0,,,,,,0.83,0.03,4.41,0.78,0.42,0.24,1.32,0.28,1.86,0.09,0.41,2.94,0.32,0,0,0.75,0.34,0,0,0.22,0,0.32
CBD Therapy,9.30%,0,0,,0,0,,96,100,,,,,,1.59,0.03,6.91,0.61,0,0.03,0.8,0.21,0,0,0.02,0.04,0.34,0,0,1.8,0.56,0,0,0.78,0,0.31
Rogue Blue Cheese,10.80%,150,150,,0,154,,0,0,,,,,,2.88,0.07,5.42,1.08,0,0.03,0.58,0,0.99,0.03,0.03,0.03,0.28,0,0,0.95,0.32,0,0,0.35,0,0.38
Jaeger OG,9.50%,207,207,,0,215,,0,0,,,,,,1.4,0.21,1.24,0.92,0,0.04,5.1,0,0,0,0.04,0.11,0.95,0,0,4.61,1.55,0,0,0,0,0.24
Jaeger Kush,11.60%,181,181,,0,184,,0,0,,,,,,1.34,0.23,1.27,0.85,0,0.03,5.57,0,0.32,0,0.03,0.11,0.95,0,0,3.43,1.24,0,0,0.19,0,0.34
Sugar Black Rose,17.00%,169,169,,0,161,,0,0,,,,,,0.3,0.08,9.73,0.43,0,0.05,2.68,0,0.23,0.07,0.05,0.08,0.99,0,0,3.77,1.15,0,0,0,0,0.44
Dawg's Waltz,9.40%,218,218,,0,227,,0,0,,,,,,0.44,0.13,3.26,0.42,0,0.03,3.83,0,0.15,0.02,0.03,0.08,1.41,0,0,4.6,2.2,0,0,0,0,0.32
Wedding Cake,11.10%,221,221,,34,187,,0,0,,,,,,5.4,0,19.58,0.98,0,0.07,0.9,0,1.97,0,0.06,0.05,1.1,0,0,4.53,1.51,0,0,0,0,1.02
Shark Shock,10.20%,47,47,,0,49,,77,79,,,,,,3.11,0.1,3,0.91,0,0.03,0.53,0.07,0,0.01,0.03,0.11,0.09,0.37,0,0.59,0.2,0,0,0.22,0,0.2
Purple Hindu Kush,9.30%,205,205,,0,214,,0,0,,,,,,2.09,0.22,0.69,1.11,0,0,6.18,0,0.31,0,0.05,0.13,1.32,0,0,2.53,0.87,0,0,0,0,0.46
Cherry Wine,9.00%,0,0,,0,0,,149,156,,,,,,0.14,0.02,3.14,0.08,0,0,0.83,0.12,0.08,0,0.02,0.05,0.17,0,0,1.08,0.41,0,0,0.21,0,0.28
CBD x Shark Shock,9.30%,53,53,,0,55,,57,59,,,,,,0.11,0.04,1.67,0,0,0,0.85,0.07,0,0,0.03,0.05,0.12,0,0,2.95,1.24,0,0,0,0,0.11
Purple Wildfire,12.00%,107,107,,0,108,,0,0,,,,,,4.1,0.12,0.35,2.12,0.23,0.13,1.51,0.09,0.47,0.03,0.21,1.44,0.15,0,0,1.33,0.61,0,0,0,0,0.31
P.A.G.S. (Name TBD),10.50%,191,191,,0,197,,0,0,,,,,,2.65,0.11,6.53,0.95,0,0.04,1.19,0,0,0,0.04,0.15,0.45,0,0,1.71,0.61,0,0,0.34,0,0.23
Wonder Goo,9.50%,174,174,,0,181,,0,0,,,,,,4.47,0.12,3.38,1.93,0,0.03,1.37,0,0,0.01,0.03,0.09,0.51,0,0,1.23,0.52,0,0,0,0,0.23
Pineapple,9.00%,175,175,,0,183,,0,0,,,,,,1.39,0,9.75,0.42,0,0.04,0.34,0,2.41,0.03,0.04,0.05,0.37,0,0,3.36,1.36,0,0,0,0,0.3
Elvis,10.00%,136,136,,0,141,,0,0,,,,,,0.96,0.02,4.66,0.3,0,0.04,0.64,0,4.05,0.03,0.03,0.18,0.53,0,0,3.86,1.26,0,0,1.21,0,0.14
Doc Trinity,13.30%,175,175,,0,174,,0,0,,,,,,4.64,0.19,3.41,1.11,0,0.04,1.65,0,1.03,0.02,0.04,0.06,0.33,0,0,2.13,0.72,0,0,0,0,0.28
Race Fuel,8.60%,240,240,,0,252,,0,0,,,,,,0.47,0.15,5.24,0.46,0,0,3.88,0,0.07,0,0.02,0.06,0.44,0,0,3.41,1.2,0,0,0,0,0.51
Royal Chem,8.70%,189,189,,0,198,,0,0,,,,,,0.5,0.08,0.18,0.23,0,0,1.56,0,0.24,0.01,0.03,0.05,0.27,0,0,3.51,0.96,0,0,0,0,0.12
Quantum Kush,8.50%,202,202,,0,212,,0,0,,,,,,1.67,0.24,2.49,0.86,0,0,4.64,0,1.23,0,0.04,0.07,0.2,0,0,3.39,1.46,0,0,0,0,0
Forum Cookies X Memory Loss,8.30%,214,214,,0,225,,0,0,,,,,,0.29,0.09,2.53,0.32,0,0.03,2.05,0,0.13,0,0.02,0.05,0.16,0,0,4.01,1.36,0,0,0,0,0.36
Jack Herer,9.30%,151,151,,0,157,,0,0,,,,,,0.45,0.02,0.52,0.47,0.21,0.17,0.53,0.08,0.63,0.05,0.26,2.56,0.19,0,0,1.27,0.51,0,0,0,0,0.12
The Real McCoy,10.50%,225,225,,0,231,,0,0,,,,,,1.86,0.05,9.01,0.44,0,0.04,0.54,0,0.9,0,0.04,0.07,0.34,0,0,1.2,0.36,0,0,0,0,0.15
Champagne Diesel,8.50%,131,131,,0,138,,0,0,,,,,,1.5,0.2,0.56,0.8,0,0.03,5.18,0,0.31,0,0.03,0.1,1.09,0,0,2.8,0.96,0,0,0,0,0.35
Mighty Quinn,7.70%,200,200,,22,187,,0,0,,,,,,2.55,0.12,4.98,0.61,0,0.03,0.75,0,0.1,0,0.03,0.08,0.31,0,0,2.67,1.35,0,0,0,0,0.27
Cascade Lemonade,8.90%,110,110,,0,115,,0,0,,,,,,0.63,0,1.54,0.11,0,0,0.17,0,3.28,0,0.02,0.02,0.32,0,0,1.29,0.44,0,0,0.24,0,0.16
Peach Kush,9.30%,218,218,,24,200,,0,0,,,,,,1.28,0.22,0.66,0.62,0,0,5.28,0,0.51,0.01,0.04,0.13,1.08,0,0,3.18,1.48,0,0,0.43,0,0.31
Cream Royale (Peach Gum???),8.20%,165,165,,0,174,,0,0,,,,,,1.38,0.07,4.63,0.58,0,0,1.37,0,0.08,0,0.02,0.03,0.27,0,0,1.51,0.61,0,0,0.38,0,0.53
City of God,9.80%,180,180,,18,166,,0,0,,,,,,3.38,0.09,9.32,1.28,0,0.04,1.02,0,0.22,0,0.04,0.09,0.62,0,0,2.05,1.05,0,0,0.46,0,0.71
Cannatonic #1,8.00%,0,0,,0,0,,95,100,,,,,,1.04,0.02,1.98,0.33,0,0.02,0.26,0.09,0.07,0.01,0.02,0.03,0.25,0,0,1.4,0.48,0,0,0.25,0,0.56
Honey Bananas,12.20%,201,201,,0,203,,0,0,,,,,,0.58,0.15,11.64,0.64,0,0,4.63,0,0.69,0.01,0.05,0.09,0.45,0,0,1.33,0.59,0,0,0,0,0.35
Smarties,8.45%,219.34,219.34,0,2.6,226,0,0,0,0,0,0,1.49,0,0.6,0,0.83,0.67,0,0,2.93,0,0,0,0,0,1.58,0,0,3.16,0.87,0,0,0,0,0
Cookies,8.25%,187.94,187.94,0,4.93,191,0,0,0,0,0,0,0.86,0,0,0,1.86,0,0,0,2.95,0,0,0,0,0,1.43,0,0,5.84,2.03,0.22,0,0,0,0
Purple Wildfire,9.78%,132.09,132.09,0,8.67,126,0,0,0,0,0,0,0,0,2.98,0,0,1.71,0,0,1.97,0,0,0,0,8.17,0,0,0,0.94,0,0,0,0,0,0
Superstitious,7.90%,163.05,163.05,0,4.59,166,0,0,0,0,0,0,0,0,0,0,2.32,0.82,0,0,2.2,0,0,0,0,7.09,0,0,0,0,0,0,0,0,0,0
Mystic,8.60%,137.72,137.72,0,7.48,135,0,0,0,0,0,0,0.84,0,0,0,1.99,0,0,0,1.5,0,0,0,0,6.68,0,0,0,1.58,0,0,0,0,0,0
Dosidos,8.05%,208.28,208.28,0,4.71,213,0,0,0,0,0,1.49,2,0,0,0,1.44,0,0,0,3.52,0,0,0,0,0,1.72,0,0,3.88,1.01,0.34,0,0,0,0.76
Irish Cream,10.17%,255.7,255.7,0,3.43,258,0,0,0,0,0,0,1.77,0,0.66,0,4.51,0.73,0,0,4.79,0,0,0,0,0,2.51,0,0,5.12,1.19,0,0,0,0,0.62
La Qrippler,9.45%,290.24,290.24,0,4.97,294,0,0,0,0,0,0,1.89,0,2.93,0,12.06,0.72,0,0,0,0,0,0,0,0,1.82,0,0,0.97,0,0,0,0,0,0
Razzberry Lemonade,11.12%,170.17,170.17,0,3.03,169,0,0,0,0,0,0,1.38,0,1.48,0,8.51,0,0,0,0,0,0,0,0,0,1.5,0,0,2.3,0,0,0,0,0,0
Og Pie Breath,11.03%,228.04,228.04,0,11.7,218,0,0,0,0,0,0,1.36,0,1.73,0,24.47,0,0,0,1.74,0,0,0,0,0,1.78,0,0,4.29,1.98,0,0,0,0,0
TJ'S Matanuska Thunder Fuck,7.27%,212.61,212.61,0,5.97,218,0,0,0,0,0,0,0.77,0,0,0,11.12,0,0,0,2.15,0,0,0,0,0,1.77,0,0,0.89,0,0,0,0,0,0
TJ'S Platinum Gsc,8.09%,165.91,165.91,0,6.91,166,0,0,0,0,0,0,0.67,0,0,0,0.78,0,0,0,2.4,0,0,0,0,0,2.66,0,0,6.41,2.35,0.21,0,0,0,0
TJ'S Rude Boi,9.73%,224.6,224.6,0,2.79,228,0,0,0,0,0,0,1.3,0,0,0,3.13,0.52,0,0,4.38,0,0,0,0,0,4.91,0,0,5.77,1.59,0.53,0.35,0,0,1.04
TJ'S Monkey Tape,8.17%,242.25,242.25,0,8.47,244,0,0,0,0,0,0,0.97,0,0,0,2.04,0,0,0,4.24,0,0,0,0,0,1.55,0,0,7.74,2.16,0.58,0,0,0,0.68
Allen Wrench,10.52%,241.55,241.55,0,4.78,241,0,0,0,0,0,0,0.8,0,0,0,1.96,0,0,0,2.64,0,0,0,0,0,0.97,0,0,6.88,1.96,0,0,0,0,1.3
Sugar Plum,8.32%,119.84,119.84,0,7.26,117,0,0,0,0,0,0,0.88,0,0,0,0,0,0,0,0.78,0,0,0,0,0,0.54,0,0,4.84,1.68,0,0,0,0,0
Pit Bull,9.17%,151.19,151.19,0,16.3,138,0,0,0,0,0,0.92,0,0,0,0,3.74,0,0,0,1.44,0,0,0,0,0,0,0,0,3.36,0.77,0,0,0,0,0
Marion Berry,8.82%,138.76,138.76,0,20.4,121,0,0,0,0,0,0.69,0.66,0,0,0,2.65,0,0,0,0,0,0,0,0,0,0,0,0,4.33,1.04,0,0,0.65,0,0
TJ'S White Tahoe Cookies,9.32%,221.27,221.27,0,2.45,226,0,0,0,0,0,0,0.83,0,0,0,1.34,0,0,0,2.85,0,0,0,0,0,3.63,0,0,6.08,2.2,0.24,0,0,0,0.59
Jack Herer Hidden Elephant Cut,9.68%,293.45,293.45,0,15.1,285,0,0,0,0,0,0,1.56,0,0,0,3.72,0.74,0,0,1.52,0,0,0,0,9.51,0.58,0,0,1.71,0.55,0,0,0,0,0
Pineapple Gold,10.66%,161.43,161.43,0,15.3,147,0,0,0,0,0,0.83,1.19,0,0,0,0.91,0,0,0,1.75,0,0,0,0,4,0.78,0,0,4.48,1.54,0,0,0,0,0.86
Black Cherry Trinity,9.48%,196.45,196.45,0,11.2,190,0,0,0,0,0,0.69,1.26,0,1.11,0,5.94,0.63,0,0,1.29,0,0,0,0,0,0.73,0,0,2.46,0.55,0,0,0,0,0
"""Double Sour D """"Mint""""""",10.56%,202.33,202.33,0,11.7,193,0,0,0,0,0,0,1.05,0,1.61,0,1.38,1.19,0,0,1.62,0,0,0,0,5.7,0.72,0,0,2.65,0.59,0,0,0,0,0
Cannatonic,9.79%,52.6,52.6,0,1.5,52,0,118.16,119,0,0,0,1.5,0,1.17,0,6.53,0.53,0,0,0.77,0,0,0,0,0,0.58,0,0,1.17,0,0,0,0,0,0
Kush Cleaner,8.79%,78.58,78.58,0,5.72,75,0,0,0,0,0,0,0.64,0,0,0,0,0,0,0,1.45,0,0,0,0,0,1.25,0,0,2.18,0.55,0,0,0,0,0.6
Lambs In Space,10.86%,156.43,156.43,0,0,159,0,0,0,0,0,0,0.75,0,2.84,0,4.31,1.45,0,0,2.02,0,0,0,0,0,0,0,0,6.86,1.66,0,0,0,0,0
Twisted Siskiyou,7.89%,45.7,45.7,0,0,48,0,64.08,67.3,0,0,0,0.75,0,0,0,2.1,0,0,0,0,0,0,0,0,0,0,0,0,3,0.72,0,0,0,0,0.75
Cbd Blue Dream,9.77%,69.14,69.14,0,2.31,68,0,75.67,75.6,0,0,0,0,0,1.99,0,5.2,0.81,0,0,0.88,0,0,0,0,0,0.74,0,0,0.81,0,0,0,0,0,0
Starman,8.68%,121.85,121.85,0,0.77,126,0,55.89,58.2,0,0,0,0.91,0,0.74,0,5.55,0,0,0,1.61,0,0,0,0,0,0.54,0,0,7.05,2.08,0,0,0,0,0
Platinum Animal Cookies,10.54%,211.14,211.14,0,3.84,211,0,0,0,0,0,0,0.87,0,0,0,0.77,0,0,0,2.59,0,0,0,0,0,1.55,0,0,5.62,1.95,0,0,0,0,0
Cbd Skunk Haze,12.38%,58.55,58.55,0,7.63,49,0,96.03,90.5,0,0,0.75,0.85,0,0.96,0,1.84,0,0,0,0,0,0,0,0,0,0.89,0,0,2.01,0.68,0,0,0.72,0,0.93
Blue City Diesel,12.63%,165.85,165.85,0,8.09,156,0,0,0,0,0,0,0.77,0,0,0,5.37,0,0,0,2.69,0,0,0,0,0,1.33,0,0,1.63,0,0,0,0,0,0.77
Mountain Girl Lemon,10.38%,169.91,169.91,0,2.31,171,0,0.86,0,0,0,0,0.78,0,3.13,0,11.17,1.56,0,0,1.66,0,0,0,0,0,0,0,0,3.19,0.7,0,0,0,0,0
Jager,9.39%,205.95,205.95,0,9.46,202,0,0,0,0,0,0,0.98,0,0.83,0,0,0.87,0,0,5.22,0,0,0,0,0,1.61,0,0,3.07,0.69,0,0,0,0,0
Marionberry Kush,6.29%,189.02,189.02,0,10.5,190,0,0,0,0,0,0,1.52,0,0,0,2.76,0.78,0,0,3.24,0,0,0,0,8.59,0.72,0,0,5.98,1.42,0,0.43,0.99,0,0
Cookies And Cream,9.35%,259.06,259.06,0,11.2,255,0,0,0,0,0,0,1.09,0,0,0,1.52,0,0,0,3.33,0,0,0,0,0,1.82,0,0,5.96,2.02,0.22,0,0,0,0
Sweeties,9.84%,196.05,196.05,0,3.11,198,0,0,0,0,0,0,0,0,0,0,2.01,0.71,0,0,4.84,0,0,0,0,0,4.95,0,0,4.39,1.55,0,0.34,0,0,0.63
Phyre Glue,10.27%,238.67,238.67,0,14.2,228,0,0,0,0,0,0,0.76,0,0,0,2.53,0,0,0,3.52,0,0,0,0,0,0.91,0,0,9.49,2.69,0.72,0,0,0,0.87
Pkt,8.77%,147.17,147.17,0,18.5,132,0,0,0,0,0,0.8,1.25,0,0.6,0,2.13,0.67,0,0,2.1,0,0,0,0,6.73,0,0,0,2.82,0.59,0,0,0,0,0
Mountain Girl,9.54%,141.55,141.55,0,0,146,0,0,0,0,0,0,0.86,0,0,0,4.85,0,0,0,0.69,0,0,0,0,0,0,0,0,7.88,1.92,0,0,0,0,0.8
Harley Wreck 5,8.02%,16.97,16.97,0,0,17,0,113.96,117,0,0,0,0,0,0,0,3.1,0,0,0,0.83,0,0,0,0,0,0.57,0,0,2.27,0.8,0,0,0,0,0.77
Tahoe Dream,9.63%,192.09,192.09,0,6.96,190,0,0,0,0,0,0,1.23,0,5.21,0,5.24,2.66,0,0,2,0,0,0,0,0,0.58,0,0,2.04,0,0,0,0,0,0
Sugarloaf,8.69%,34.86,34.86,0,0,36,0,119.15,122,0,1.47,0,0,0,0,0,2.98,0,0,0,0.57,0,0,0,0,0,0.56,0,0,4.45,1.2,0,0.38,0,0,1.02
Telenovela,10.15%,35.63,35.63,0,0,36,0,71.84,73.6,0,0,0,0.72,0,1.3,0,5.58,0.61,0,0,0.6,0,0,0,0,0,0,0,0,2.42,0.75,0,0,0,0,0
Cbd Green Crack,9.83%,43.11,43.11,0,1.95,42,0,74.55,72.8,0,0,0,0,0,0,0,3.08,0,0,0,0,0,0,0,0,0,0,0,0,0.87,0,0,0,0,0,0
Berry White,8.32%,195.6,195.6,0,6.56,197,0,0,0,0,0,0,1.36,0,1.12,0,1.36,1.01,0,0,5.39,0,0,0,0,0,0,0,0,2.07,0,0,0,0,0,0
Blackberry Cobbler,8.44%,162.17,162.17,0,14.3,153,0,0,0,0,0,0,0,0,1.32,0,6.79,0.67,0,0,1.02,0,0,0,0,0,0,0,0,1.54,0,0,0,0.83,0,0
City Of God,9.27%,250.31,250.31,0,25.4,230,0,0,0,0,0,0,0,0,4.12,0,15.1,1.91,0,0,1.55,0,0,0,0,0,0.52,0,0,2.74,0.97,0,0,0,0,0.67
Ancient Art,10.04%,134.12,134.12,0,5.77,131,0,87.64,89.9,0,0,0,0,0,3.35,0,16.78,1.67,0,0,2.32,0,0,0,0,1.3,0.52,0,0,2.7,0.62,0,0,0.81,0,0
Green Crack,9.10%,238.85,238.85,0,2.25,245,0,0,0,0,0,0,1.76,0,0,0,2.11,0,0,0,3.8,0,0,0,0,0,1.26,0,0,4.1,0.96,0,0,0,0,0.75
Sirius Black,9.84%,147.56,147.56,0,2.37,149,0,0,0,0,0,0,0.7,0,0,0,6.11,0,0,0,3.01,0,0,0,0,0,0.62,0,0,1.46,0,0,0,0,0,0.58
Llamas Bread,8.58%,166.9,166.9,0,0.86,173,0,0,0,0,0,0,0,0,0,0,0.95,0,0,0,1.98,0,0,0,0,0,0.73,0,0,2.83,0.63,0.25,0,0,0,0.64
Mighty Quinn,8.25%,128.6,128.6,0,9.24,124,0,91.61,92.4,0,0,0.66,0.63,0,2.19,0,6.96,0.92,0,0,0.94,0,0,0,0,0,0.75,0,0,4.25,1.2,0,0.34,0,0,0
Critical Cure,9.77%,80.17,80.17,0,6.83,74,0,139.89,140,0,1,0.74,0.91,0,0,0,4.24,0,0,0,1.26,0,0,0,0,0,0.68,0,0,4.17,1.45,0,0,0.81,0,0.57
Sour Tangie,8.91%,298.69,298.69,0,5.47,304,0,0.72,0.74,0,0,0,0,0,0,0,3.77,0.68,0,0,4.95,0,0,0,0,0,2.28,0,0,3.37,0.94,0,0,0.95,0,0.94
Black Dog,8.98%,153.2,153.2,0,0,159,0,0,0,0,0,0,0,0,0,0,1.51,0,0,0,3.18,0,0,0,0,0,0.69,0,0,3.71,0.87,0.25,0,0,0,0.69
Jazz,12.66%,234.95,234.95,0,14.9,217,0,0,0,0,0,0,0,0,0,0,4.69,0.73,0,0,1.89,0,0,0,0,14.1,0,0,0,3.53,0.87,0,0,1.34,0,0
Thin Mint Gsc,9.33%,190.44,190.44,0,6.92,189,0,0,0,0,0,0,0.75,0,0,0,1.06,0,0,0,2.41,0,0,0,0,0,0.73,0,0,9.45,3.22,0,0,0,0,0.53
Monkey Train,8.58%,239.98,239.98,0,7.16,242,0,0.76,0,0,0,0,0.99,0,0,0,7.8,0,0,0,0.59,0,0,0,0,0,1.87,0,0,6.95,1.71,0,0.6,1.1,0,2.19
Magellan,9.99%,306.86,306.86,0,3.46,311,0,0,0,0,0,0,3.42,0,0,0,6.51,0,0,0,4.01,0,0,0,0,0,0,0,0,4.41,1.14,0,0,0,0,0
Dawg Cookies,8.82%,225.32,225.32,0,6.37,227,0,0,0,0,0,0,1.32,0,0,0,0,0,0,0,3.55,0,0,0,0,0,0.86,0,0,10.18,3.41,0,0,0,0,1.33
Wedding Cake,10.34%,222.04,222.04,0,1.76,225,0,0,0,0,0,0,1.92,0,0,0,1.88,0,0,0,2.98,0,0,0,0,0,1.51,0,0,5.78,2.25,0,0,0,0,0
Tangelo Haze,10.62%,213.09,213.09,0,4.54,212,0,0,0,0,0,0,0,0,0,0,2.02,0.54,0,0,4.46,0,0,0,0,0,2.37,0,0,8.62,2.24,0,0,1.23,0,0.75
Jager,10.39%,177.15,177.15,0,30.7,146,0,0,0,0,0,0.71,0,0,0,0,1.84,0,0,0,3.43,0,0,0,0,0,2.48,0,0,14.25,6.29,0,0,0,0,0
Conspiracy Kush,10.87%,189.44,189.44,0,14.5,176,0,0,0,0,0,0,0,0,0.52,0,4.13,1.01,0,0,3.35,0,0,0,0,10.13,0,0,0,3.72,0.82,0,0,0.61,0,0
Cinex,9.02%,147.03,147.03,0,4.85,147,0,0,0,0,0,0,1.99,0,0.56,0,1.09,0.93,0,0,5.72,0,0,0,0,0,1.35,0,0,2.37,0,0,0,1.05,0,0
Cannatonic 4,8.21%,107.19,107.19,0,4.55,107,0,90.36,87.5,0,0,0.97,0.98,0,1.02,0,6.2,0.52,0,0,0.94,0,0,0,0,0,0.71,0,0,2.85,0.74,0,0,1.11,0,1.01
Dragon Snacks,11.35%,41.15,41.15,0,0,41,0,87.16,88.1,0,0.72,0,0.71,0,0,0,0.97,0,0,0,1.2,0,0,0,0,0,0,0,0,2.6,0.54,0,0,0,0,0.75
Head Band,8.49%,226.6,226.6,0,6.53,229,0,0,0,0,0,0,1.03,0,0,0,3.19,0.51,0,0,3.08,0,0,0,0,0,3.87,0,0,8.06,2.14,0,0,0,0,0
Lemon Peel,8.33%,193.15,193.15,0,1.66,200,0,0,0,0,0,0,0,0,0,0,1.84,0.71,0,0,4.25,0,0,0,0,0,0.95,0,0,2.56,0.8,0,0,0.6,0,0.52
Zkittlez,8.49%,237.2,237.2,0,6.58,240,0,0,0,0,0,0,0.85,0,0,0,0,0,0,0,2.97,0,0,0,0,0,4.82,0,0,11.91,4.59,0,0.84,0,0,0.98
Silvertip,8.30%,179.27,179.27,0,1.27,186,0,0,0,0,0,0,1.18,0,1.64,0,5.06,0,0,0,0.77,0,0,0,0,0,0.6,0,0,1.44,0,0,0,0,0,0
Portland Punch,9.42%,198.82,198.82,0,1.18,204,0,0,0,0,0,0,1.97,0,0,0,6.03,0,0,0,0.93,0,0,0,0,0,0.66,0,0,2.7,0.63,0,0,0.63,0,0
Blue Dragon Desert Frost,10.76%,7.45,7.45,0,0,7,0,142.65,142,0,1.49,0,0,0,0,0,2.77,0,0,0,0.89,0,0,0,0,0,0,0,0,1.26,0,0,0,0,0,0.57
Blue Dream,10.54%,217.17,217.17,0,3.09,218,0,0,0,0,0,0,0.76,0,3.05,0,7.11,1.45,0,0,0.7,0,0,0,0,0,0.6,0,0,1.99,0.55,0,0,0,0,0
Lite Me Up,10.15%,73.02,73.02,0,1.24,73,0,134.08,131,0,0.89,0,1.29,0,0,0,1.05,0,0,0,1.12,0,0,0,0,5.76,0,0,0,3.36,0.88,0,0,0,0,0
Super Silver Blue Mango,9.54%,142.6,142.6,0,0.95,146,0,0,0,0,0,0,0.98,0,0,0,4.11,0,0,0,1.77,0,0,0,0,0,2.19,0,0,0,0,0,0,0,0,0
Hazy Girl,10.84%,242.15,242.15,0,3.67,242,0,0,0,0,0,0,1.38,0,0,0,0.81,0.59,0,0,0.92,0,0,0,0,4.93,0,0,0,3.97,1.3,0,0,0,0,0
Cinex,12.18%,173.37,173.37,0,1.41,172,0,0,0,0,0,0,2.64,0,0.69,0,0.85,0.93,0,0,4.72,0,0,0,0,0,1.33,0,0,1.84,0,0,0,1,0,0
Cookie Lemon Kush,11.03%,273.91,273.91,0,1.65,276,0,0,0,0,0,0,0.97,0,0,0,2.04,0,0,0,3.42,0,0,0,0,0,2.19,0,0,8.99,3.15,0,0,0,0,1.41
Black Betty,10.05%,274.7,274.7,0,7.67,273,0,1.22,0,0,0,0,2.05,0,0,0,11.55,0,0,0,1.75,0,0,0,0,0,0.78,0,0,1.76,0,0,0,0.61,0,0
Bruce Banner,9.04%,313.91,313.91,0,5.77,319,0,1.43,0.64,0,0,0,1.89,0,0,0,5.06,0.75,0,0,5.32,0,0,0,0,0,1.73,0,0,4.3,1.53,0,0,0,0,0
Ogre,9.14%,250.74,250.74,0,11.2,247,0,0,0,0,0,0,1.04,0,0,0,7.55,0,0,0,1.07,0,0,0,0,0,0.64,0,0,4.09,1,0,0,0.58,0,0
Sizzleberry,8.97%,192.27,192.27,0,3.13,196,0,0,0,0,0,0,0,0,0,0,3.07,0,0,0,1.63,0,0,0,0,0,0,0,0,2.09,0,0,0,0,0,0
Goji Dc,9.52%,42.72,42.72,0,3.22,40,0,76.09,71.6,0,0,0.65,0,0,0.62,0,5.24,0,0,0,0.66,0,0,0,0,0,0,0,0,1.41,0,0,0,0,0,0
Snow Leopard,8.56%,301.2,301.2,0,3.55,310,0,0.7,0,0,0,0,1.47,0,0,0,9.13,0,0,0,1,0,0,0,0,0,0.62,0,0,3.07,0.78,0,0,0.76,0,0
Tangie Cure,10.87%,86.88,86.88,0,0,88,0,135.07,136,0,0.83,0,1.43,0,1.45,0,4.88,0.63,0,0,0,0,0,0,0,0,0.88,0,0,1.62,0.54,0,0,0.53,0,0
Violet Delight,10.06%,191.66,191.66,0,4.87,191,0,0,0,0,0,0,1.77,0,0.6,0,6.76,0,0,0,0.8,0,0,0,0,0,0,0,0,2.35,0,0,0,0,0,0
Sour Banana Sherbert,8.92%,231.55,231.55,0,3.05,237,0,0,0,0,0,0,1.71,0,0,0,2.66,0,0,0,1.98,0,0,0,0,0,1.07,0,0,4.68,1.16,0.3,0,0,0,1.03
Obama Kush,8.28%,227.64,227.64,0,14.1,222,0,0,0,0,0,0,0,0,0.93,0,0,0.97,0,0,6.64,0,0,0,0,0,1.37,0,0,10.49,2.54,0.26,0,0,0,1.02
Bubba,11.30%,256.47,256.47,0,9.99,248,0,0,0,0,0,0,1.23,0,0,0,0.57,0,0,0,4.48,0,0,0,0,0,0,0,0,4.74,1.19,0.64,0,0,0,1.04
Nepalese Kush,8.84%,288.41,288.41,0,3.32,296,0,0,0,0,0,0,0,0,0,0,5.11,0.58,0,0,3.73,0,0,0,0,0,0,0,0,3.2,1.02,0,0,0.73,0,0.7
Granola Funk,9.23%,211.1,211.1,0,1.31,217,0,0,0,0,0,0,0.76,0,0,0,0.91,0,0,0,1.81,0,0,0,0,0,1.39,0,0,2.75,0.85,0,0,0,0,0.91
Headband,9.29%,238.58,238.58,0,5.06,241,0,0,0,0,0,0,0,0,0,0,1.42,0,0,0,4.3,0,0,0,0,0,0.74,0,0,4.64,1.23,0,0,0,0,0.54
Golden Pineapple,11.98%,277.74,277.74,0,5.92,272,0,6.33,0,0,0,0,1.62,0,0,0,3.47,0.69,0,0,1.67,0,0,0,0,10.69,0,0,0,1.64,0,0,0,0.75,0,0
White Tahoe Cookies,9.16%,276.36,276.36,0,7.24,278,0,0,0,0,0,0,0.91,0,0,0,3.07,0.52,0,0,3.34,0,0,0,0,0,2.86,0,0,6.05,2.16,0.27,0,0,0,0.82
Peanut Butter Breath,10.64%,259.15,259.15,0,4.43,259,0,0,0,0,0,0,0.91,0,0,0,0.89,0,0,0,2.14,0,0,0,0,0,1.86,0,0,6.34,2.14,0.36,0,0,0,1.4
Gg4Og,9.68%,184.69,184.69,0,18.6,169,0,0,0,0,0,0,0,0,0,0,4.54,0,0,0,3.19,0,0,0,0,0,1.03,0,0,2.61,0.65,0,0,0,0,0
Cannatonic,9.01%,4.54,4.54,0,0,4,0,110.11,107,0,0,1.04,0,0,0,0,3.77,0,0,0,0,0,0,0,0,0,0,0,0,0,0,0,0,0.56,0,0.64
Cbd Kush,9.75%,109.5,109.5,0,1.48,111,0,119.73,122,0,0.8,0,0,0,0,0,1.97,0,0,0,3.49,0,0,0,0,0,0.53,0,0,3.39,0.9,0,0,0,0,0.95
Quantum Kush 5,9.31%,212.95,212.95,0,8.95,210,0,0,0,0,0,0,0.97,0,0.87,0,0.98,0.93,0,0,5.71,0,0,0,0,0,1.14,0,0,4.8,1.22,0,0,0,0,0
Headdog 9,8.00%,249.67,249.67,0,12.2,248,0,0.61,0.64,0,0,0,0,0,0,0,1.7,0.57,0,0,5.25,0,0,0,0,0,1.88,0,0,4.64,1.19,0.38,0,1.11,0,0
Jager Og,10.26%,199.99,199.99,0,18.1,184,0,0,0,0,0,0,0,0,0,0,2.64,0,0,0,4.71,0,0,0,0,0,0.95,0,0,3.54,0.9,0,0,0.9,0,0
Pineapple Jager,9.23%,62.64,62.64,0,6.34,57,0,138.63,138,0,1.08,0.7,0,0,2.08,0,8.74,0.94,0,0,2.37,0,0,0,0,0,0.53,0,0,2.33,0.78,0,0,0.64,0,0
Sour Tsunami,9.85%,5.1,5.1,0,0,5,0,117.06,109,0,1.01,0.97,0,0,0.74,0,5.09,0,0,0,0,0,0,0,0,3.14,0,0,0,1.63,0,0,0,0,0,0
Forum Gsc,8.83%,158.69,158.69,0,6.99,157,0,0,0,0,0,0,0,0,0,0,1.97,0,0,0,2.21,0,0,0,0,0,0.58,0,0,3.8,1.33,0,0,0,0,0
Chocolate Hashberry,9.31%,238.2,238.2,0,4.67,241,0,0,0,0,0,0,0,0,0,0,9.51,0,0,0,1.62,0,0,0,0,0,0,0,0,3.02,0.95,0.24,0,0,0,0
Green C,10.73%,177.63,177.63,0,8.6,171,0,0,0,0,0,0,0,0,0,0,4.13,0,0,0,1.4,0,0,0,0,0,0,0,0,2.41,0.97,0,0,0,0,0.79
Albert Walker,12.82%,219.58,219.58,0,4.63,213,0,0,0,0,0,0,3.27,0,0,0,10.79,0,0,0,0,0,0,0,0,0,0.82,0,0,1.88,0,0,0,0,0,0
Future 11,7.67%,239.26,239.26,0,2.54,249,0,0,0,0,0,0,0,0,0,0,3.41,0,0,0,3.29,0,0,0,0,0,1.73,0,0,1.91,0,0,0,0,0,0
Purple Hindu Kush,0.00%,181.03,181.03,0,7.38,198,0,0,0,0,0,0,1.1,0,1.26,0,0.52,1.17,0,0,5.81,0,0,0,0,0,1.52,0,0,2.19,0,0,0,0,0,0
Citrus Sap,10.58%,120.17,120.17,0,1.34,121,0,0,0,0,0,0,0,0,0,0,0,0,0,0,1.61,0,0,0,0,0,0.63,0,0,3.78,0.92,0,0,0.6,0,0.55
Dad'S Durban Pomegranate,9.52%,201.06,201.06,0,6.52,200,0,2.54,0,0,0,0,0,0,1.35,0,6.65,1.03,0,0,1.68,0,0,0,0,5.24,0,0,0,1.82,0,0,0,0.69,0,0
Black Widow,12.69%,177.61,177.61,0,8.61,167,0,3.61,0,0,0,0,0.81,0,0,0,2.02,0,0,0,1.08,0,0,0,0,9.41,0,0,0,0.78,0,0,0,0.83,0,0
Freedom,7.69%,101.27,101.27,0,1.4,105,0,150.11,158,0,0.95,0,1.28,0,0,0,7.68,0,0,0,1.57,0,0,0,0,0,1.38,0,0,1.43,0,0,0,0,0,0
Mendo Betty,11.22%,163.71,163.71,0,5.9,159,0,0,0,0,0,0.82,0.86,0,1.13,0,6.79,0.56,0,0,0.88,0,0,0,0,0,0,0,0,3.34,0.72,0,0,0.54,0,1.17
San Fernando Valley Og,12.89%,232.7,232.7,0,2.75,228,0,0,0,0,0,0,0.96,0,0,0,5,0,0,0,2.99,0,0,0,0,0,0.65,0,0,5.12,1.39,0,0,0,0,0
Gorilla Snacks,10.02%,235.64,235.64,0,4.18,237,0,0,0,0,0,0,0.83,0,0,0,2.05,0,0,0,3.77,0,0,0,0,0,0.72,0,0,5.48,1.49,0,0,0,0,0.7
Sunset Sherbert,9.68%,199.46,199.46,0,1.24,204,0,0,0,0,0,0,1.21,0,0,0,0.75,0,0,0,1.82,0,0,0,0,0,0.84,0,0,3.81,1.47,0,0,0,0,0
Where'S My Bike,10.33%,195.59,195.59,0,0.86,199,0,0,0,0,0,0,0.98,0,0,0,0.62,0,0,0,1.74,0,0,0,0,0,0,0,0,5.45,1.45,0,0,0,0,0
Voyager 1,7.02%,316.6,316.6,0,11.1,323,0,0.62,0.66,0,0,0,1.08,0,0.77,0,2.42,1.26,0,0,1.89,0,0,0,0,6.85,0.97,0,0,0.85,0,0,0,0,0,0
Sour Banana Sherbert,12.94%,269.85,269.85,0,1.65,266,0,0,0,0,0,0,2.18,0,0,0,6.56,0,0,0,1.56,0,0,0,0,0,1.41,0,0,2.99,0.88,0,0,0,0,0
Gnome Walker,10.86%,233.6,233.6,0,4.77,232,0,0,0,0,0,0,1.48,0,0,0,4.56,0.59,0,0,4.1,0,0,0,0,0,1.11,0,0,4.26,1.47,0.21,0,0,0,1.03
Sour Apple,10.47%,223.19,223.19,0,13.9,212,0,0,0,0,0,0.83,0.89,0,0,0,4.01,0.69,0,0,1.41,0,0,0,0,9.27,0,0,0,1.25,0,0,0,0,0,0
Medi Perpetual Haze,7.48%,56.99,56.99,0,2.12,57,0,107.26,111,0,0.65,0,0,0,0,0,7.67,0,0,0,0,0,0,0,0,0,0,0,0,0,0,0,0,0,0,0
Cascade Chronic,10.18%,203.49,203.49,0,9.13,198,0,4.2,0,0,0,0,0,0,0,0,4.87,0.6,0,0,1.32,0,1.5,0,0,9.89,0,0,0,2.18,0,0,0,0,0,0.87
Orange Cookies,9.32%,192.65,192.65,0,1.05,198,0,2.27,0,0,0,0,1.06,0,0,0,1.55,0,0,0,0.6,0,0,0,0,2.9,0,0,0,1.89,0.54,0,0,0,0,0
Cinex,10.77%,160.24,160.24,0,3.54,159,0,0,0,0,0,0,2.36,0,0,0,0,0.69,0,0,4.11,0,0,0,0,0,0,0,0,1.52,0,0,0,0.55,0,0
Morning Star,9.79%,230.87,230.87,0,5.68,231,0,0,0,0,0,0,0.85,0,0,0,4.89,0,0,0,1.14,0,0,0,0,0,0,0,0,5.65,1.59,0,0,0.87,0,0.69
Jack Herer,9.58%,207.7,207.7,0,3.63,210,0,2.98,0,0,0,0,0.77,0,0,0,1.73,0.65,0,0,1.04,0,0,0,0,6.43,0,0,0,2.96,1.06,0,0,0.67,0,0
Headdog 7,12.45%,213.36,213.36,0,4.38,208,0,0,0,0,0,0,0,0,0,0,0,0,0,0,2.15,0,0,0,0,0,1.26,0,0,7.4,2.7,0.27,0,0,0,0
Kings Pure Kush,11.46%,194.14,194.14,0,0,196,0,0,0,0,0,0,0,0,0,0,0.72,0.62,0,0,4.36,0,0,0,0,0,1.81,0,0,1.37,0,0,0,0,0,0
Harley Wreck 2,7.66%,8.87,8.87,0,0,9,0,197.57,202,0,3.27,0,1.44,0,0,0,3.26,0,0,0,0.72,0,0,0,0,0,0.58,0,0,4.12,1.08,0,0.46,0,0,0
Canna  Wreck,8.15%,8.62,8.62,0,0,9,0,164.17,170,0,0.68,0,1.53,0,0,0,2.78,0,0,0,0.93,0,0,0,0,0,0,0,0,3.26,0.89,0,0,0.58,0,1.3
Frank'S Gift,9.40%,44.32,44.32,0,4.55,40,0,127.79,127,0,2.99,0.67,0.97,0,3.15,0,8.06,1.1,0,0,0,0,0,0,0,0,0,0,0,1.35,0,0,0,0,0,0
Sanfernando Valley Og,10.19%,246.27,246.27,0,2.8,249,0,0,0,0,0,0,1.06,0,0,0,4.61,0,0,0,3.13,0,0,0,0,0,0.68,0,0,4.62,1.26,0,0,0,0,0
Sunset Sherbert,10.77%,234.7,234.7,0,1.57,237,0,0,0,0,0,0,1.36,0,0,0,0.92,0,0,0,1.94,0,0,0,0,0,0.91,0,0,4.45,1.74,0,0,0,0,0
Where'S My Bike,9.65%,200.11,200.11,0,1.01,205,0,0,0,0,0,0,0,0,0,0,1.77,0,0,0,1.89,0,0,0,0,0,0,0,0,5.97,1.6,0,0,0,0,0
Incredible Power,10.47%,60.28,60.28,0,13.1,46,0,93.45,87.2,0,0,0.92,0,0,1.17,0,7.1,0,0,0,0.68,0,0,0,0,0,2.03,0,0,2.01,0,0,0,1.21,0,1.81
Jack's Grapes,12.20%,191.92,191.92,0,3.63,188,0,1.8,0,0,0,0,0,0,1.25,0,5.15,0.74,0,0,0.59,0,0,0,0,3.04,0,0,0,1.24,0,0,0,0,0,0.69
Strawberry Fields,10.93%,185.5,185.5,0,2.98,185,0,3.57,0,0,0,0,1.09,0,0,0,1.76,0.53,0,0,1.8,0,0,0,0,4.29,0,0,0,3.66,0.86,0,0,0,0,0
Alaskan Blackberry F2,10.37%,194.68,194.68,0,0.85,198,0,0,0,0,0,0,1.43,0,1.38,0,3.64,0,0,0,0,0,0,0,0,0,0.65,0,0,2.97,0.64,0,0,0,0,0
Green Ribbon,11.34%,254.61,254.61,0,8.24,248,0,0,0,0,0,0,1.7,0,0,0,0.95,0.57,0,0,3.52,0,0,0,0,0,1.61,0,0,2.86,0.96,0,0,0,0,0
Harley Wreck,7.73%,5.43,5.43,0,0,5,0,145.23,149,0,1.62,0,1.24,0,0,0,2.48,0,0,0,0,0,0,0,0,0,0,0,0,1.37,0,0,0,0,0,0.57
Double D Og,9.76%,224.28,224.28,0,11.2,218,0,0,0,0,0,0,0.86,0,0,0,7.94,0,0,0,2.13,0,0,0,0,0,2.47,0,0,6.84,1.88,0.2,0.32,0,0,1.4
Chocolate Mint Og,12.33%,122.83,122.83,0,5.95,116,0,0,0,0,0,0,0,0,0,0,0,0,0,0,1.75,0,0,0,0,0,2.22,0,0,3.51,0.89,0,0.37,0,0,0.7
Trainwreck,9.76%,175.82,175.82,0,6.94,173,0,0,0,0,0,0,0,0,1.23,0,5.51,0,0,0,0.64,0,0,0,0,0,0,0,0,1.16,0,0,0,0,0,0
White Tygh Dream,9.55%,312.06,312.06,0,17.4,302,0,0.63,0.65,0,0,0.66,0,0,0,0,8.56,0,0,0,1.92,0,0.24,0,0,0,0,0,0,3.46,0.78,0,0,0,0,0
Wow,11.01%,243.59,243.59,0,5.41,241,0,0,0,0,0,0,1.18,0,0,0,1.35,0.52,0,0,4.17,0,0,0,0,0,0,0,0,6.7,1.62,0,0,0,0,0
Suzy Q,8.96%,5.47,5.47,0,0,5,0,112.25,115,0,3.79,0,0,0,1.45,0,4.47,0.54,0,0,0,0,0,0,0,0,0,0,0,2.11,0.83,0,0,0,0,0
Cherry Kush,11.85%,161.07,161.07,0,19.2,140,0,0,0,0,0,0,0,0,2.17,0,11.03,0.54,0,0,0,0,0,0,0,0,0.54,0,0,6.58,2.34,0,0.37,0,0,0
Samoas,9.56%,238.21,238.21,0,11.1,233,0,0,0,0,0,0,0,0,0,0,1.55,0.55,0,0,3.83,0,0,0,0,0,1.89,0,0,4.3,1.06,0.24,0,0,0,1.27
Og 18,10.55%,267.08,267.08,0,17.9,252,0,0,0,0,0,0,1.44,0,0,0,7.42,0.67,0,0,4.58,0,0,0,0,0,2.61,0,0,1.11,0,0,0,0,0,0
Oregon Huckleberry,12.14%,203.72,203.72,0,10.6,192,0,0,0,0,0,0,0,0,2.09,0,5.98,1.24,0,0,2.65,0,0,0,0,0,0.54,0,0,2.06,0,0,0,0,0,0
Og Banana Berry,8.50%,159.82,159.82,0,10.3,155,0,1.27,0,0,0,0,0,0,0,0,1.96,0,0,0,0.91,0,0,0,0,3.1,0,0,0,1.36,0,0,0,0,0,0
Holy Widow,10.12%,163.76,163.76,0,8.62,158,0,3.55,2.44,0,0,0,0,0,0.91,0,4.4,0.57,0,0,0.76,0,0,0,0,2.71,0,0,0,0,0,0,0,0,0,0
Blue Berry Blast,9.76%,222.81,222.81,0,8.12,220,0,0,0,0,0,0,0,0,2.56,0,6.52,1.2,0,0,0.9,0,0,0,0,0,0.78,0,0,3.08,0.91,0,0,0,0,0
Harletsu X Black Dog,9.68%,44.18,44.18,0,0,45,0,136,137,0,16.7,0,0,0,1.77,0,11,0.81,0,0,1.31,0,0,0,0,0.69,0.63,0,0,1.57,0,0,0,0,0,0
Acapulco Gold,8.60%,242.39,242.39,0,2.29,250,0,0,0,0,0,0,1.06,0,0,0,2.71,0,0,0,3.47,0,0,0,0,0,1.74,0,0,3.98,1.03,0,0.38,0,0,0
Harliquen,,,,,,,,,,,,,,,,,,,,,,,,,,,,,,,,,,,,
Durban Orange,,,,,,,,,,,,,,,,,,,,,,,,,,,,,,,,,,,,
Blueberry,,,,,,,,,,,,,,,,,,,,,,,,,,,,,,,,,,,,
Golden Goat,,,,,,,,,,,,,,,,,,,,,,,,,,,,,,,,,,,,
Tangerine Haze,,,,,,,,,,,,,,,,,,,,,,,,,,,,,,,,,,,,
Yummy,,,,,,,,,,,,,,,,,,,,,,,,,,,,,,,,,,,,
Ogv Kush,,,,,,,,,,,,,,,,,,,,,,,,,,,,,,,,,,,,
Agent Orange,,,,,,,,,,,,,,,,,,,,,,,,,,,,,,,,,,,,
Star Fighter F2,,,,,,,,,,,,,,,,,,,,,,,,,,,,,,,,,,,,
Mother of Berries,,,,,,,,,,,,,,,,,,,,,,,,,,,,,,,,,,,,
Sunset Sherbert,,,,,,,,,,,,,,,,,,,,,,,,,,,,,,,,,,,,
Sour Chelumbian,,,,,,,,,,,,,,,,,,,,,,,,,,,,,,,,,,,,
Platinum Cookies,,,,,,,,,,,,,,,,,,,,,,,,,,,,,,,,,,,,
Black Haze,,,,,,,,,,,,,,,,,,,,,,,,,,,,,,,,,,,,
Plushberry,,,,,,,,,,,,,,,,,,,,,,,,,,,,,,,,,,,,
Columbian x Super Skunk,,,,,,,,,,,,,,,,,,,,,,,,,,,,,,,,,,,,
Mendo Bubba,,,,,,,,,,,,,,,,,,,,,,,,,,,,,,,,,,,,
Chunky Skunk,,,,,,,,,,,,,,,,,,,,,,,,,,,,,,,,,,,,
Casey Jones,,,,,,,,,,,,,,,,,,,,,,,,,,,,,,,,,,,,
Purple Kush,,,,,,,,,,,,,,,,,,,,,,,,,,,,,,,,,,,,
Tanzanian B,,,,,,,,,,,,,,,,,,,,,,,,,,,,,,,,,,,,
Headband,,,,,,,,,,,,,,,,,,,,,,,,,,,,,,,,,,,,
Medicine Women,,,,,,,,,,,,,,,,,,,,,,,,,,,,,,,,,,,,
Kush Co. OG Kush,,,,,,,,,,,,,,,,,,,,,,,,,,,,,,,,,,,,
Remedy 29 19-2,,,,,,,,,,,,,,,,,,,,,,,,,,,,,,,,,,,,
Black Cherry Soda,,,,,,,,,,,,,,,,,,,,,,,,,,,,,,,,,,,,
Super Lemon Haze,,,,,,,,,,,,,,,,,,,,,,,,,,,,,,,,,,,,
East Coast Sour Diesel A,,,,,,,,,,,,,,,,,,,,,,,,,,,,,,,,,,,,
Super Sour Diesel,,,,,,,,,,,,,,,,,,,,,,,,,,,,,,,,,,,,
NYC Diesel 01,,,,,,,,,,,,,,,,,,,,,,,,,,,,,,,,,,,,
Tangie,,,,,,,,,,,,,,,,,,,,,,,,,,,,,,,,,,,,
Inner Chi,,,,,,,,,,,,,,,,,,,,,,,,,,,,,,,,,,,,
Brain Freeze,,,,,,,,,,,,,,,,,,,,,,,,,,,,,,,,,,,,
Whitaker Blue,,,,,,,,,,,,,,,,,,,,,,,,,,,,,,,,,,,,
Big City Lights,,,,,,,,,,,,,,,,,,,,,,,,,,,,,,,,,,,,
Trainwreck,,,,,,,,,,,,,,,,,,,,,,,,,,,,,,,,,,,,
Afghoo,,,,,,,,,,,,,,,,,,,,,,,,,,,,,,,,,,,,
SFU OG Kush,,,,,,,,,,,,,,,,,,,,,,,,,,,,,,,,,,,,
Skywalker OG,,,,,,,,,,,,,,,,,,,,,,,,,,,,,,,,,,,,
Jamaican,,,,,,,,,,,,,,,,,,,,,,,,,,,,,,,,,,,,
Tangie C,,,,,,,,,,,,,,,,,,,,,,,,,,,,,,,,,,,,
Strawberry,,,,,,,,,,,,,,,,,,,,,,,,,,,,,,,,,,,,
Chemdawg Hybrid,,,,,,,,,,,,,,,,,,,,,,,,,,,,,,,,,,,,
Pink Champagne,,,,,,,,,,,,,,,,,,,,,,,,,,,,,,,,,,,,
Northern Lights x L5 Haze,,,,,,,,,,,,,,,,,,,,,,,,,,,,,,,,,,,,
Lily-4,,,,,,,,,,,,,,,,,,,,,,,,,,,,,,,,,,,,
Blue Dream,,,,,,,,,,,,,,,,,,,,,,,,,,,,,,,,,,,,
Chernobyl,,,,,,,,,,,,,,,,,,,,,,,,,,,,,,,,,,,,
Blue Magoo,,,,,,,,,,,,,,,,,,,,,,,,,,,,,,,,,,,,
Fuku #1,,,,,,,,,,,,,,,,,,,,,,,,,,,,,,,,,,,,
U-Dub,,,,,,,,,,,,,,,,,,,,,,,,,,,,,,,,,,,,
Harlequin,,,,,,,,,,,,,,,,,,,,,,,,,,,,,,,,,,,,
Purple Crack,,,,,,,,,,,,,,,,,,,,,,,,,,,,,,,,,,,,
Sherbert,,,,,,,,,,,,,,,,,,,,,,,,,,,,,,,,,,,,
3x Crazy,,,,,,,,,,,,,,,,,,,,,,,,,,,,,,,,,,,,
White Fire Alien,,,,,,,,,,,,,,,,,,,,,,,,,,,,,,,,,,,,
Jack's Cheese,,,,,,,,,,,,,,,,,,,,,,,,,,,,,,,,,,,,
Dirty Girl,,,,,,,,,,,,,,,,,,,,,,,,,,,,,,,,,,,,
F-16,,,,,,,,,,,,,,,,,,,,,,,,,,,,,,,,,,,,
Blueberry,,,,,,,,,,,,,,,,,,,,,,,,,,,,,,,,,,,,
Sour Diesel,,,,,,,,,,,,,,,,,,,,,,,,,,,,,,,,,,,,
White Rhino,,,,,,,,,,,,,,,,,,,,,,,,,,,,,,,,,,,,
Cherry Cola,,,,,,,,,,,,,,,,,,,,,,,,,,,,,,,,,,,,
Durban Poison,,,,,,,,,,,,,,,,,,,,,,,,,,,,,,,,,,,,
Bubba Kush,,,,,,,,,,,,,,,,,,,,,,,,,,,,,,,,,,,,
Northshore Maui,,,,,,,,,,,,,,,,,,,,,,,,,,,,,,,,,,,,
God Bud,,,,,,,,,,,,,,,,,,,,,,,,,,,,,,,,,,,,
Summit Star,,,,,,,,,,,,,,,,,,,,,,,,,,,,,,,,,,,,
Bubba Kush,,,,,,,,,,,,,,,,,,,,,,,,,,,,,,,,,,,,
#5 Pheno,,,,,,,,,,,,,,,,,,,,,,,,,,,,,,,,,,,,
Afghan,,,,,,,,,,,,,,,,,,,,,,,,,,,,,,,,,,,,
Cher-Willie Plant 1,,,,,,,,,,,,,,,,,,,,,,,,,,,,,,,,,,,,
Remedy,,,,,,,,,,,,,,,,,,,,,,,,,,,,,,,,,,,,
Royal Phoenix,,,,,,,,,,,,,,,,,,,,,,,,,,,,,,,,,,,,
Pre-'98 Bubba Kush,,,,,,,,,,,,,,,,,,,,,,,,,,,,,,,,,,,,
Cannatonic,,,,,,,,,,,,,,,,,,,,,,,,,,,,,,,,,,,,
Chocolope,,,,,,,,,,,,,,,,,,,,,,,,,,,,,,,,,,,,
Glacier Goo,,,,,,,,,,,,,,,,,,,,,,,,,,,,,,,,,,,,
Purple Pineapple Afghani,,,,,,,,,,,,,,,,,,,,,,,,,,,,,,,,,,,,
F2,,,,,,,,,,,,,,,,,,,,,,,,,,,,,,,,,,,,
Sweet tooth,,,,,,,,,,,,,,,,,,,,,,,,,,,,,,,,,,,,
Obama Kush,,,,,,,,,,,,,,,,,,,,,,,,,,,,,,,,,,,,
Strawberry,,,,,,,,,,,,,,,,,,,,,,,,,,,,,,,,,,,,
Dream Queen,,,,,,,,,,,,,,,,,,,,,,,,,,,,,,,,,,,,
Sour Diesel,,,,,,,,,,,,,,,,,,,,,,,,,,,,,,,,,,,,
Durban Poison,,,,,,,,,,,,,,,,,,,,,,,,,,,,,,,,,,,,
Cherry Cheesecake,,,,,,,,,,,,,,,,,,,,,,,,,,,,,,,,,,,,
#2 Pheno KFx2,,,,,,,,,,,,,,,,,,,,,,,,,,,,,,,,,,,,
Purple Mr. Nice,,,,,,,,,,,,,,,,,,,,,,,,,,,,,,,,,,,,
God's Gift,,,,,,,,,,,,,,,,,,,,,,,,,,,,,,,,,,,,
Darkheart 3,,,,,,,,,,,,,,,,,,,,,,,,,,,,,,,,,,,,
Sour Diesel,,,,,,,,,,,,,,,,,,,,,,,,,,,,,,,,,,,,
Harlequinn #1,,,,,,,,,,,,,,,,,,,,,,,,,,,,,,,,,,,,
Cadillac Purple,,,,,,,,,,,,,,,,,,,,,,,,,,,,,,,,,,,,
Bubba Kush Indoor,,,,,,,,,,,,,,,,,,,,,,,,,,,,,,,,,,,,
Cannatonic,,,,,,,,,,,,,,,,,,,,,,,,,,,,,,,,,,,,
Unclebuds J1,,,,,,,,,,,,,,,,,,,,,,,,,,,,,,,,,,,,
Cannatonic,,,,,,,,,,,,,,,,,,,,,,,,,,,,,,,,,,,,
Schrom,,,,,,,,,,,,,,,,,,,,,,,,,,,,,,,,,,,,
Fire Out,,,,,,,,,,,,,,,,,,,,,,,,,,,,,,,,,,,,
Harlee TSU,,,,,,,,,,,,,,,,,,,,,,,,,,,,,,,,,,,,
Dark Desire,,,,,,,,,,,,,,,,,,,,,,,,,,,,,,,,,,,,
Laughing Buddha,,,,,,,,,,,,,,,,,,,,,,,,,,,,,,,,,,,,
Cotton Candy Kush,,,,,,,,,,,,,,,,,,,,,,,,,,,,,,,,,,,,
Maui Wowie,,,,,,,,,,,,,,,,,,,,,,,,,,,,,,,,,,,,
Vintner's Moonshine,,,,,,,,,,,,,,,,,,,,,,,,,,,,,,,,,,,,
Cherry Kush,,,,,,,,,,,,,,,,,,,,,,,,,,,,,,,,,,,,
Blue Dragon,,,,,,,,,,,,,,,,,,,,,,,,,,,,,,,,,,,,
Fuku #4,,,,,,,,,,,,,,,,,,,,,,,,,,,,,,,,,,,,
Court Collars Cough,,,,,,,,,,,,,,,,,,,,,,,,,,,,,,,,,,,,
Humboldt OG,,,,,,,,,,,,,,,,,,,,,,,,,,,,,,,,,,,,
Berry White,,,,,,,,,,,,,,,,,,,,,,,,,,,,,,,,,,,,
VL,,,,,,,,,,,,,,,,,,,,,,,,,,,,,,,,,,,,
The Grapes,,,,,,,,,,,,,,,,,,,,,,,,,,,,,,,,,,,,
Dream Queen,,,,,,,,,,,,,,,,,,,,,,,,,,,,,,,,,,,,
Jesus OG,,,,,,,,,,,,,,,,,,,,,,,,,,,,,,,,,,,,
Sugar Black Rose,,,,,,,,,,,,,,,,,,,,,,,,,,,,,,,,,,,,
Malawi x Super Skunk,,,,,,,,,,,,,,,,,,,,,,,,,,,,,,,,,,,,
Purple Cadillac,,,,,,,,,,,,,,,,,,,,,,,,,,,,,,,,,,,,
Larry's Dream,,,,,,,,,,,,,,,,,,,,,,,,,,,,,,,,,,,,
Black Water,,,,,,,,,,,,,,,,,,,,,,,,,,,,,,,,,,,,
Chocolate Hashberry,,,,,,,,,,,,,,,,,,,,,,,,,,,,,,,,,,,,
Rose City Cin,,,,,,,,,,,,,,,,,,,,,,,,,,,,,,,,,,,,
G.S.C.,,,,,,,,,,,,,,,,,,,,,,,,,,,,,,,,,,,,
Remedy,,,,,,,,,,,,,,,,,,,,,,,,,,,,,,,,,,,,
Trinity Blueberry,,,,,,,,,,,,,,,,,,,,,,,,,,,,,,,,,,,,
God Bud,,,,,,,,,,,,,,,,,,,,,,,,,,,,,,,,,,,,
God's Gift,,,,,,,,,,,,,,,,,,,,,,,,,,,,,,,,,,,,
Banana OG,,,,,,,,,,,,,,,,,,,,,,,,,,,,,,,,,,,,
Girl Scout Cookie,,,,,,,,,,,,,,,,,,,,,,,,,,,,,,,,,,,,
LA Confidential,,,,,,,,,,,,,,,,,,,,,,,,,,,,,,,,,,,,
Tickle Kush,,,,,,,,,,,,,,,,,,,,,,,,,,,,,,,,,,,,
Sweet Tooth #1,,,,,,,,,,,,,,,,,,,,,,,,,,,,,,,,,,,,
Larry OG,,,,,,,,,,,,,,,,,,,,,,,,,,,,,,,,,,,,
Highland Oaxacan,,,,,,,,,,,,,,,,,,,,,,,,,,,,,,,,,,,,
Exodus Kush,,,,,,,,,,,,,,,,,,,,,,,,,,,,,,,,,,,,
WiFi OG,,,,,,,,,,,,,,,,,,,,,,,,,,,,,,,,,,,,
Bob's GDP,,,,,,,,,,,,,,,,,,,,,,,,,,,,,,,,,,,,
Chem 91,,,,,,,,,,,,,,,,,,,,,,,,,,,,,,,,,,,,
Swiss Gold,,,,,,,,,,,,,,,,,,,,,,,,,,,,,,,,,,,,
ST3,,,,,,,,,,,,,,,,,,,,,,,,,,,,,,,,,,,,
Super Lemon Haze,,,,,,,,,,,,,,,,,,,,,,,,,,,,,,,,,,,,
Ace of Spades,,,,,,,,,,,,,,,,,,,,,,,,,,,,,,,,,,,,
Critical Mass,,,,,,,,,,,,,,,,,,,,,,,,,,,,,,,,,,,,
Jack the Ripper 4,,,,,,,,,,,,,,,,,,,,,,,,,,,,,,,,,,,,
Purple Afghanistan,,,,,,,,,,,,,,,,,,,,,,,,,,,,,,,,,,,,
Darkheart 2,,,,,,,,,,,,,,,,,,,,,,,,,,,,,,,,,,,,
Grand Daddy Purple,,,,,,,,,,,,,,,,,,,,,,,,,,,,,,,,,,,,
Purple Urkle,,,,,,,,,,,,,,,,,,,,,,,,,,,,,,,,,,,,
Conspiracy Kush,,,,,,,,,,,,,,,,,,,,,,,,,,,,,,,,,,,,
SSH x SuperBill x SSH,,,,,,,,,,,,,,,,,,,,,,,,,,,,,,,,,,,,
Dogwalker,,,,,,,,,,,,,,,,,,,,,,,,,,,,,,,,,,,,
Cheesequake,,,,,,,,,,,,,,,,,,,,,,,,,,,,,,,,,,,,
Jelly Bean,,,,,,,,,,,,,,,,,,,,,,,,,,,,,,,,,,,,
Kaboom,,,,,,,,,,,,,,,,,,,,,,,,,,,,,,,,,,,,
Sour Kush,,,,,,,,,,,,,,,,,,,,,,,,,,,,,,,,,,,,
Blueberry,,,,,,,,,,,,,,,,,,,,,,,,,,,,,,,,,,,,
Afghan,,,,,,,,,,,,,,,,,,,,,,,,,,,,,,,,,,,,
Hawaiian,,,,,,,,,,,,,,,,,,,,,,,,,,,,,,,,,,,,
Maleficent Conspiracy Kush #2,,,,,,,,,,,,,,,,,,,,,,,,,,,,,,,,,,,,
Lemon Jack,,,,,,,,,,,,,,,,,,,,,,,,,,,,,,,,,,,,
Strawberry Cough,,,,,,,,,,,,,,,,,,,,,,,,,,,,,,,,,,,,
Fortune Cookie,,,,,,,,,,,,,,,,,,,,,,,,,,,,,,,,,,,,
Venice OG,,,,,,,,,,,,,,,,,,,,,,,,,,,,,,,,,,,,
Lily-1,,,,,,,,,,,,,,,,,,,,,,,,,,,,,,,,,,,,
Blue Dream,,,,,,,,,,,,,,,,,,,,,,,,,,,,,,,,,,,,
Durban Poison,,,,,,,,,,,,,,,,,,,,,,,,,,,,,,,,,,,,
#23,,,,,,,,,,,,,,,,,,,,,,,,,,,,,,,,,,,,
Tyra Banks Conspiracy Kush #5,,,,,,,,,,,,,,,,,,,,,,,,,,,,,,,,,,,,
S.T.U ACDC,,,,,,,,,,,,,,,,,,,,,,,,,,,,,,,,,,,,
Crystal Goddess,,,,,,,,,,,,,,,,,,,,,,,,,,,,,,,,,,,,
UW/Purple Kush,,,,,,,,,,,,,,,,,,,,,,,,,,,,,,,,,,,,
White Russian,,,,,,,,,,,,,,,,,,,,,,,,,,,,,,,,,,,,
UKAW 1,,,,,,,,,,,,,,,,,,,,,,,,,,,,,,,,,,,,
Ice wreck,,,,,,,,,,,,,,,,,,,,,,,,,,,,,,,,,,,,
God's Gift,,,,,,,,,,,,,,,,,,,,,,,,,,,,,,,,,,,,
Banana Kush,,,,,,,,,,,,,,,,,,,,,,,,,,,,,,,,,,,,
Vortex,,,,,,,,,,,,,,,,,,,,,,,,,,,,,,,,,,,,
Tangerine Tahoe,,,,,,,,,,,,,,,,,,,,,,,,,,,,,,,,,,,,
Platinum OG Cookies,,,,,,,,,,,,,,,,,,,,,,,,,,,,,,,,,,,,
AC/DC,,,,,,,,,,,,,,,,,,,,,,,,,,,,,,,,,,,,
Kandy Kush,,,,,,,,,,,,,,,,,,,,,,,,,,,,,,,,,,,,
UW,,,,,,,,,,,,,,,,,,,,,,,,,,,,,,,,,,,,
Double Dream,,,,,,,,,,,,,,,,,,,,,,,,,,,,,,,,,,,,
Cherry Pie,,,,,,,,,,,,,,,,,,,,,,,,,,,,,,,,,,,,
Grand Master Cheese,,,,,,,,,,,,,,,,,,,,,,,,,,,,,,,,,,,,
Crunchberry,,,,,,,,,,,,,,,,,,,,,,,,,,,,,,,,,,,,
Jack Herer,,,,,,,,,,,,,,,,,,,,,,,,,,,,,,,,,,,,
Kandy Land,,,,,,,,,,,,,,,,,,,,,,,,,,,,,,,,,,,,
Bubba GDP,,,,,,,,,,,,,,,,,,,,,,,,,,,,,,,,,,,,
Lambsbread,,,,,,,,,,,,,,,,,,,,,,,,,,,,,,,,,,,,
Old Jack,,,,,,,,,,,,,,,,,,,,,,,,,,,,,,,,,,,,
Sunshine daydream,,,,,,,,,,,,,,,,,,,,,,,,,,,,,,,,,,,,
Super Silver Haze,,,,,,,,,,,,,,,,,,,,,,,,,,,,,,,,,,,,
Azure Haze,,,,,,,,,,,,,,,,,,,,,,,,,,,,,,,,,,,,
Trainwreck,,,,,,,,,,,,,,,,,,,,,,,,,,,,,,,,,,,,
The White,,,,,,,,,,,,,,,,,,,,,,,,,,,,,,,,,,,,
Sour Diesel,,,,,,,,,,,,,,,,,,,,,,,,,,,,,,,,,,,,
Omega Dawg,,,,,,,,,,,,,,,,,,,,,,,,,,,,,,,,,,,,
Electric Lemonade,,,,,,,,,,,,,,,,,,,,,,,,,,,,,,,,,,,,
Lily-2,,,,,,,,,,,,,,,,,,,,,,,,,,,,,,,,,,,,
Blackberry Headband,,,,,,,,,,,,,,,,,,,,,,,,,,,,,,,,,,,,
Grape God A,,,,,,,,,,,,,,,,,,,,,,,,,,,,,,,,,,,,
#3 Pheno,,,,,,,,,,,,,,,,,,,,,,,,,,,,,,,,,,,,
Pandora's Box,,,,,,,,,,,,,,,,,,,,,,,,,,,,,,,,,,,,
Cinex,,,,,,,,,,,,,,,,,,,,,,,,,,,,,,,,,,,,
Harlequin,,,,,,,,,,,,,,,,,,,,,,,,,,,,,,,,,,,,
Royal Purple Diesel,,,,,,,,,,,,,,,,,,,,,,,,,,,,,,,,,,,,
Afgoo,,,,,,,,,,,,,,,,,,,,,,,,,,,,,,,,,,,,
NLM,,,,,,,,,,,,,,,,,,,,,,,,,,,,,,,,,,,,
DJ Short's Blueberry,,,,,,,,,,,,,,,,,,,,,,,,,,,,,,,,,,,,
Super Lemon Haze,,,,,,,,,,,,,,,,,,,,,,,,,,,,,,,,,,,,
Heisenberg,,,,,,,,,,,,,,,,,,,,,,,,,,,,,,,,,,,,
Trainwreck B,,,,,,,,,,,,,,,,,,,,,,,,,,,,,,,,,,,,
Super Silver Haze,,,,,,,,,,,,,,,,,,,,,,,,,,,,,,,,,,,,
Agent Orange,,,,,,,,,,,,,,,,,,,,,,,,,,,,,,,,,,,,
Head Band,,,,,,,,,,,,,,,,,,,,,,,,,,,,,,,,,,,,
Harle-Tsu,,,,,,,,,,,,,,,,,,,,,,,,,,,,,,,,,,,,
Flo,,,,,,,,,,,,,,,,,,,,,,,,,,,,,,,,,,,,
East Coast Sour Diesel,,,,,,,,,,,,,,,,,,,,,,,,,,,,,,,,,,,,
Animal Cookies,,,,,,,,,,,,,,,,,,,,,,,,,,,,,,,,,,,,
NYCD,,,,,,,,,,,,,,,,,,,,,,,,,,,,,,,,,,,,
S.P. ACDC,,,,,,,,,,,,,,,,,,,,,,,,,,,,,,,,,,,,
Canna-TSU,,,,,,,,,,,,,,,,,,,,,,,,,,,,,,,,,,,,
Blueberry Diesel,,,,,,,,,,,,,,,,,,,,,,,,,,,,,,,,,,,,
Cannatonic,,,,,,,,,,,,,,,,,,,,,,,,,,,,,,,,,,,,
Diablo,,,,,,,,,,,,,,,,,,,,,,,,,,,,,,,,,,,,
Space Candy,,,,,,,,,,,,,,,,,,,,,,,,,,,,,,,,,,,,
Purple Urkle,,,,,,,,,,,,,,,,,,,,,,,,,,,,,,,,,,,,
Key Lime Pie,,,,,,,,,,,,,,,,,,,,,,,,,,,,,,,,,,,,
Cookies,,,,,,,,,,,,,,,,,,,,,,,,,,,,,,,,,,,,
Hell Hound,,,,,,,,,,,,,,,,,,,,,,,,,,,,,,,,,,,,
Tuffalo Durban,,,,,,,,,,,,,,,,,,,,,,,,,,,,,,,,,,,,
Platinum Cookies,,,,,,,,,,,,,,,,,,,,,,,,,,,,,,,,,,,,
Critical Purple Kush,,,,,,,,,,,,,,,,,,,,,,,,,,,,,,,,,,,,
Jah Goo,,,,,,,,,,,,,,,,,,,,,,,,,,,,,,,,,,,,
Sage,,,,,,,,,,,,,,,,,,,,,,,,,,,,,,,,,,,,
Blue Dream,,,,,,,,,,,,,,,,,,,,,,,,,,,,,,,,,,,,
Kyle Kushmans Strawberry Cough,,,,,,,,,,,,,,,,,,,,,,,,,,,,,,,,,,,,
Lamb's Bread,,,,,,,,,,,,,,,,,,,,,,,,,,,,,,,,,,,,
Sour Tsunami,,,,,,,,,,,,,,,,,,,,,,,,,,,,,,,,,,,,
Northern Cali Gooey,,,,,,,,,,,,,,,,,,,,,,,,,,,,,,,,,,,,
ADAK,,,,,,,,,,,,,,,,,,,,,,,,,,,,,,,,,,,,
OGK x Tangerine,,,,,,,,,,,,,,,,,,,,,,,,,,,,,,,,,,,,
Humboldt OG,,,,,,,,,,,,,,,,,,,,,,,,,,,,,,,,,,,,
Afgooey,,,,,,,,,,,,,,,,,,,,,,,,,,,,,,,,,,,,
Medibud,,,,,,,,,,,,,,,,,,,,,,,,,,,,,,,,,,,,
Alien Daug,,,,,,,,,,,,,,,,,,,,,,,,,,,,,,,,,,,,
Chocolate Chunk,,,,,,,,,,,,,,,,,,,,,,,,,,,,,,,,,,,,
Louie 13,,,,,,,,,,,,,,,,,,,,,,,,,,,,,,,,,,,,
Sour Diesel,,,,,,,,,,,,,,,,,,,,,,,,,,,,,,,,,,,,
Headband,,,,,,,,,,,,,,,,,,,,,,,,,,,,,,,,,,,,
Beaver Dog,,,,,,,,,,,,,,,,,,,,,,,,,,,,,,,,,,,,
Blue Dream,,,,,,,,,,,,,,,,,,,,,,,,,,,,,,,,,,,,
Dream Queen,,,,,,,,,,,,,,,,,,,,,,,,,,,,,,,,,,,,
Blue Dream,,,,,,,,,,,,,,,,,,,,,,,,,,,,,,,,,,,,
Purple Sour Diesel,,,,,,,,,,,,,,,,,,,,,,,,,,,,,,,,,,,,
PitBull,,,,,,,,,,,,,,,,,,,,,,,,,,,,,,,,,,,,
Perseus Indy 99,,,,,,,,,,,,,,,,,,,,,,,,,,,,,,,,,,,,
Dutch Treat,,,,,,,,,,,,,,,,,,,,,,,,,,,,,,,,,,,,
619 OG,,,,,,,,,,,,,,,,,,,,,,,,,,,,,,,,,,,,
OG Skunk,,,,,,,,,,,,,,,,,,,,,,,,,,,,,,,,,,,,
Cherry Pie,,,,,,,,,,,,,,,,,,,,,,,,,,,,,,,,,,,,
Jack One-J1,,,,,,,,,,,,,,,,,,,,,,,,,,,,,,,,,,,,
Purple Kush,,,,,,,,,,,,,,,,,,,,,,,,,,,,,,,,,,,,
Chernobyl,,,,,,,,,,,,,,,,,,,,,,,,,,,,,,,,,,,,
Grape Ape,,,,,,,,,,,,,,,,,,,,,,,,,,,,,,,,,,,,
Tangerine,,,,,,,,,,,,,,,,,,,,,,,,,,,,,,,,,,,,
Alaskan Thunder Fuck,,,,,,,,,,,,,,,,,,,,,,,,,,,,,,,,,,,,
4 Corners x Harliquinn,,,,,,,,,,,,,,,,,,,,,,,,,,,,,,,,,,,,
Marionberry #2,,,,,,,,,,,,,,,,,,,,,,,,,,,,,,,,,,,,
3rd Dimension,,,,,,,,,,,,,,,,,,,,,,,,,,,,,,,,,,,,
#3 Pheno,,,,,,,,,,,,,,,,,,,,,,,,,,,,,,,,,,,,
Super Skunk,,,,,,,,,,,,,,,,,,,,,,,,,,,,,,,,,,,,
Chem Dawg 4,,,,,,,,,,,,,,,,,,,,,,,,,,,,,,,,,,,,
Candy Jack,,,,,,,,,,,,,,,,,,,,,,,,,,,,,,,,,,,,
White Ribbon,,,,,,,,,,,,,,,,,,,,,,,,,,,,,,,,,,,,
AC/DC x finals,,,,,,,,,,,,,,,,,,,,,,,,,,,,,,,,,,,,
Orange Crush,,,,,,,,,,,,,,,,,,,,,,,,,,,,,,,,,,,,
Blue Dream,,,,,,,,,,,,,,,,,,,,,,,,,,,,,,,,,,,,
Cindarella 99,,,,,,,,,,,,,,,,,,,,,,,,,,,,,,,,,,,,
Blackberry Pie,,,,,,,,,,,,,,,,,,,,,,,,,,,,,,,,,,,,
Lavender,,,,,,,,,,,,,,,,,,,,,,,,,,,,,,,,,,,,
Ingrid,,,,,,,,,,,,,,,,,,,,,,,,,,,,,,,,,,,,
Lemon Skunk,,,,,,,,,,,,,,,,,,,,,,,,,,,,,,,,,,,,
AC/DC,,,,,,,,,,,,,,,,,,,,,,,,,,,,,,,,,,,,
South Sound Tonic,,,,,,,,,,,,,,,,,,,,,,,,,,,,,,,,,,,,
Cenarius,,,,,,,,,,,,,,,,,,,,,,,,,,,,,,,,,,,,
Green Crack,,,,,,,,,,,,,,,,,,,,,,,,,,,,,,,,,,,,
Triffid,,,,,,,,,,,,,,,,,,,,,,,,,,,,,,,,,,,,
Blue Light Special,,,,,,,,,,,,,,,,,,,,,,,,,,,,,,,,,,,,
Dog Walker,,,,,,,,,,,,,,,,,,,,,,,,,,,,,,,,,,,,
Cannatonic x AC/DC,,,,,,,,,,,,,,,,,,,,,,,,,,,,,,,,,,,,
Durban Poison,,,,,,,,,,,,,,,,,,,,,,,,,,,,,,,,,,,,
Hippie Crippler,,,,,,,,,,,,,,,,,,,,,,,,,,,,,,,,,,,,
Ace of Spades,,,,,,,,,,,,,,,,,,,,,,,,,,,,,,,,,,,,
Hitman OG,,,,,,,,,,,,,,,,,,,,,,,,,,,,,,,,,,,,
Sour Diesel,,,,,,,,,,,,,,,,,,,,,,,,,,,,,,,,,,,,
Marionberry Kush,,,,,,,,,,,,,,,,,,,,,,,,,,,,,,,,,,,,
Acapulco Gold,,,,,,,,,,,,,,,,,,,,,,,,,,,,,,,,,,,,
Dog shit,,,,,,,,,,,,,,,,,,,,,,,,,,,,,,,,,,,,
Romulan,,,,,,,,,,,,,,,,,,,,,,,,,,,,,,,,,,,,
MOB Rhode Island Heirloom,,,,,,,,,,,,,,,,,,,,,,,,,,,,,,,,,,,,
White CC9,,,,,,,,,,,,,,,,,,,,,,,,,,,,,,,,,,,,
Purple Arrow,,,,,,,,,,,,,,,,,,,,,,,,,,,,,,,,,,,,
Kashmir Kush,,,,,,,,,,,,,,,,,,,,,,,,,,,,,,,,,,,,
Jack Herer,,,,,,,,,,,,,,,,,,,,,,,,,,,,,,,,,,,,
XJ-B,,,,,,,,,,,,,,,,,,,,,,,,,,,,,,,,,,,,
Cheesequake,,,,,,,,,,,,,,,,,,,,,,,,,,,,,,,,,,,,
Tangerine Dream,,,,,,,,,,,,,,,,,,,,,,,,,,,,,,,,,,,,
Berry White,,,,,,,,,,,,,,,,,,,,,,,,,,,,,,,,,,,,
Blueberry Kush,,,,,,,,,,,,,,,,,,,,,,,,,,,,,,,,,,,,
Cookies,,,,,,,,,,,,,,,,,,,,,,,,,,,,,,,,,,,,
GSC Maybe,,,,,,,,,,,,,,,,,,,,,,,,,,,,,,,,,,,,
Candy Cheese,,,,,,,,,,,,,,,,,,,,,,,,,,,,,,,,,,,,
Chem Dawg Special Reserve,,,,,,,,,,,,,,,,,,,,,,,,,,,,,,,,,,,,
Crippled Rhino,,,,,,,,,,,,,,,,,,,,,,,,,,,,,,,,,,,,
Jack Flash,,,,,,,,,,,,,,,,,,,,,,,,,,,,,,,,,,,,
Apollo 13,,,,,,,,,,,,,,,,,,,,,,,,,,,,,,,,,,,,
LSD,,,,,,,,,,,,,,,,,,,,,,,,,,,,,,,,,,,,
Black Ice 9R1,,,,,,,,,,,,,,,,,,,,,,,,,,,,,,,,,,,,
OG Kush,,,,,,,,,,,,,,,,,,,,,,,,,,,,,,,,,,,,
Blue dream,,,,,,,,,,,,,,,,,,,,,,,,,,,,,,,,,,,,
Platinum Bubba Kush,,,,,,,,,,,,,,,,,,,,,,,,,,,,,,,,,,,,
Darkheart 1,,,,,,,,,,,,,,,,,,,,,,,,,,,,,,,,,,,,
Vanilluna,,,,,,,,,,,,,,,,,,,,,,,,,,,,,,,,,,,,
OG Kush,,,,,,,,,,,,,,,,,,,,,,,,,,,,,,,,,,,,
Romulan x Grapefruit,,,,,,,,,,,,,,,,,,,,,,,,,,,,,,,,,,,,
Menthel Bubble Gum,,,,,,,,,,,,,,,,,,,,,,,,,,,,,,,,,,,,
Trainwreck A,,,,,,,,,,,,,,,,,,,,,,,,,,,,,,,,,,,,
P-91,,,,,,,,,,,,,,,,,,,,,,,,,,,,,,,,,,,,
Princess Leia,,,,,,,,,,,,,,,,,,,,,,,,,,,,,,,,,,,,
Trainwreck C,,,,,,,,,,,,,,,,,,,,,,,,,,,,,,,,,,,,
Sour Diesel,,,,,,,,,,,,,,,,,,,,,,,,,,,,,,,,,,,,
Chemdawg 1.0,,,,,,,,,,,,,,,,,,,,,,,,,,,,,,,,,,,,
Snowland A,,,,,,,,,,,,,,,,,,,,,,,,,,,,,,,,,,,,
MedFlight,,,,,,,,,,,,,,,,,,,,,,,,,,,,,,,,,,,,
Thai,,,,,,,,,,,,,,,,,,,,,,,,,,,,,,,,,,,,
Kashmir Kush,,,,,,,,,,,,,,,,,,,,,,,,,,,,,,,,,,,,
Chocolate Heaven A,,,,,,,,,,,,,,,,,,,,,,,,,,,,,,,,,,,,
MCOG,,,,,,,,,,,,,,,,,,,,,,,,,,,,,,,,,,,,
Strawberry Sour Diesel,,,,,,,,,,,,,,,,,,,,,,,,,,,,,,,,,,,,
True Purple,,,,,,,,,,,,,,,,,,,,,,,,,,,,,,,,,,,,
PPA,,,,,,,,,,,,,,,,,,,,,,,,,,,,,,,,,,,,
Ghost Dog,,,,,,,,,,,,,,,,,,,,,,,,,,,,,,,,,,,,
Kush,,,,,,,,,,,,,,,,,,,,,,,,,,,,,,,,,,,,
Jack Herer,,,,,,,,,,,,,,,,,,,,,,,,,,,,,,,,,,,,
White Siberian,,,,,,,,,,,,,,,,,,,,,,,,,,,,,,,,,,,,
Twilight,,,,,,,,,,,,,,,,,,,,,,,,,,,,,,,,,,,,
Forum Cut Cookies,,,,,,,,,,,,,,,,,,,,,,,,,,,,,,,,,,,,
Canna TSU,,,,,,,,,,,,,,,,,,,,,,,,,,,,,,,,,,,,
Presidential Kush #1,,,,,,,,,,,,,,,,,,,,,,,,,,,,,,,,,,,,
Matanuska Thunder Fuck,,,,,,,,,,,,,,,,,,,,,,,,,,,,,,,,,,,,
Mental Floss,,,,,,,,,,,,,,,,,,,,,,,,,,,,,,,,,,,,
Afgoo,,,,,,,,,,,,,,,,,,,,,,,,,,,,,,,,,,,,
PEZ,,,,,,,,,,,,,,,,,,,,,,,,,,,,,,,,,,,,
White Cashmere,,,,,,,,,,,,,,,,,,,,,,,,,,,,,,,,,,,,
Chocolope,,,,,,,,,,,,,,,,,,,,,,,,,,,,,,,,,,,,
Harliquinn,,,,,,,,,,,,,,,,,,,,,,,,,,,,,,,,,,,,
Hindu Kush,,,,,,,,,,,,,,,,,,,,,,,,,,,,,,,,,,,,
Strawberry Diesel,,,,,,,,,,,,,,,,,,,,,,,,,,,,,,,,,,,,
Berry Gumboldt Pollen,,,,,,,,,,,,,,,,,,,,,,,,,,,,,,,,,,,,
Chem 7,,,,,,,,,,,,,,,,,,,,,,,,,,,,,,,,,,,,
Cotton Candy,,,,,,,,,,,,,,,,,,,,,,,,,,,,,,,,,,,,
Summit Sweet Skunk,,,,,,,,,,,,,,,,,,,,,,,,,,,,,,,,,,,,
UK Cheese,,,,,,,,,,,,,,,,,,,,,,,,,,,,,,,,,,,,
Black Berry Kush,,,,,,,,,,,,,,,,,,,,,,,,,,,,,,,,,,,,
Root Beer Float,,,,,,,,,,,,,,,,,,,,,,,,,,,,,,,,,,,,
Root Beer Float,,,,,,,,,,,,,,,,,,,,,,,,,,,,,,,,,,,,
Zambia,,,,,,,,,,,,,,,,,,,,,,,,,,,,,,,,,,,,
Panama,,,,,,,,,,,,,,,,,,,,,,,,,,,,,,,,,,,,
Zambia,,,,,,,,,,,,,,,,,,,,,,,,,,,,,,,,,,,,
Mexico Verde Limon,,,,,,,,,,,,,,,,,,,,,,,,,,,,,,,,,,,,
Ethiopian 1,,,,,,,,,,,,,,,,,,,,,,,,,,,,,,,,,,,,
Guatemala Quetzalita,,,,,,,,,,,,,,,,,,,,,,,,,,,,,,,,,,,,
Root Beer Float,,,,,,,,,,,,,,,,,,,,,,,,,,,,,,,,,,,,
OG Hindu Jager Kush,,,,,,,,,,,,,,,,,,,,,,,,,,,,,,,,,,,,
Nuken,,,,,,,,,,,,,,,,,,,,,,,,,,,,,,,,,,,,
Grape Ape,,,,,,,,,,,,,,,,,,,,,,,,,,,,,,,,,,,,
GSC Mint,,,,,,,,,,,,,,,,,,,,,,,,,,,,,,,,,,,,
FOG,,,,,,,,,,,,,,,,,,,,,,,,,,,,,,,,,,,,
Stella Blues x Wako Haze,,,,,,,,,,,,,,,,,,,,,,,,,,,,,,,,,,,,
Private Reserve OG,,,,,,,,,,,,,,,,,,,,,,,,,,,,,,,,,,,,
Jesus OG,,,,,,,,,,,,,,,,,,,,,,,,,,,,,,,,,,,,
Cataract Kush,,,,,,,,,,,,,,,,,,,,,,,,,,,,,,,,,,,,
Platinum OG,,,,,,,,,,,,,,,,,,,,,,,,,,,,,,,,,,,,
Phantom Cookies,,,,,,,,,,,,,,,,,,,,,,,,,,,,,,,,,,,,
South Africa,,,,,,,,,,,,,,,,,,,,,,,,,,,,,,,,,,,,
Kashmir,,,,,,,,,,,,,,,,,,,,,,,,,,,,,,,,,,,,
Malawi,,,,,,,,,,,,,,,,,,,,,,,,,,,,,,,,,,,,
Pakistan,,,,,,,,,,,,,,,,,,,,,,,,,,,,,,,,,,,,
Hemp cultivar NLH,,,,,,,,,,,,,,,,,,,,,,,,,,,,,,,,,,,,
India,,,,,,,,,,,,,,,,,,,,,,,,,,,,,,,,,,,,
India,,,,,,,,,,,,,,,,,,,,,,,,,,,,,,,,,,,,
Cambodia,,,,,,,,,,,,,,,,,,,,,,,,,,,,,,,,,,,,
Nepal,,,,,,,,,,,,,,,,,,,,,,,,,,,,,,,,,,,,
India,,,,,,,,,,,,,,,,,,,,,,,,,,,,,,,,,,,,
Juicy Fruit,,,,,,,,,,,,,,,,,,,,,,,,,,,,,,,,,,,,
Blotter,,,,,,,,,,,,,,,,,,,,,,,,,,,,,,,,,,,,
Blotter,,,,,,,,,,,,,,,,,,,,,,,,,,,,,,,,,,,,
Root Beer Float,,,,,,,,,,,,,,,,,,,,,,,,,,,,,,,,,,,,
LSD,,,,,,,,,,,,,,,,,,,,,,,,,,,,,,,,,,,,
Root Beer Float,,,,,,,,,,,,,,,,,,,,,,,,,,,,,,,,,,,,
Root Beer Float,,,,,,,,,,,,,,,,,,,,,,,,,,,,,,,,,,,,
Blotter,,,,,,,,,,,,,,,,,,,,,,,,,,,,,,,,,,,,
Blotter,,,,,,,,,,,,,,,,,,,,,,,,,,,,,,,,,,,,
Blotter,,,,,,,,,,,,,,,,,,,,,,,,,,,,,,,,,,,,
Blotter,,,,,,,,,,,,,,,,,,,,,,,,,,,,,,,,,,,,
YMCA #3,,,,,,,,,,,,,,,,,,,,,,,,,,,,,,,,,,,,
R4,,,,,,,,,,,,,,,,,,,,,,,,,,,,,,,,,,,,
Sunset Sherbert,,,,,,,,,,,,,,,,,,,,,,,,,,,,,,,,,,,,
Black Trinity,,,,,,,,,,,,,,,,,,,,,,,,,,,,,,,,,,,,
Black Trinity,,,,,,,,,,,,,,,,,,,,,,,,,,,,,,,,,,,,
Black Trinity,,,,,,,,,,,,,,,,,,,,,,,,,,,,,,,,,,,,
Black Trinity,,,,,,,,,,,,,,,,,,,,,,,,,,,,,,,,,,,,
Black Trinity,,,,,,,,,,,,,,,,,,,,,,,,,,,,,,,,,,,,
Black Trinity,,,,,,,,,,,,,,,,,,,,,,,,,,,,,,,,,,,,
Purple,,,,,,,,,,,,,,,,,,,,,,,,,,,,,,,,,,,,
Platinum OG,,,,,,,,,,,,,,,,,,,,,,,,,,,,,,,,,,,,
Dead Head OG,,,,,,,,,,,,,,,,,,,,,,,,,,,,,,,,,,,,
Haleigh's Hope,,,,,,,,,,,,,,,,,,,,,,,,,,,,,,,,,,,,
Charlotte's Web,,,,,,,,,,,,,,,,,,,,,,,,,,,,,,,,,,,,
Lavender,,,,,,,,,,,,,,,,,,,,,,,,,,,,,,,,,,,,
White Fire Alien OG,,,,,,,,,,,,,,,,,,,,,,,,,,,,,,,,,,,,
Shark Shock,,,,,,,,,,,,,,,,,,,,,,,,,,,,,,,,,,,,
Xmas Cookies,,,,,,,,,,,,,,,,,,,,,,,,,,,,,,,,,,,,
Mandarin Sunset,,,,,,,,,,,,,,,,,,,,,,,,,,,,,,,,,,,,
Champagne X,,,,,,,,,,,,,,,,,,,,,,,,,,,,,,,,,,,,
White Widow,,,,,,,,,,,,,,,,,,,,,,,,,,,,,,,,,,,,
Gorilla Glue #4,,,,,,,,,,,,,,,,,,,,,,,,,,,,,,,,,,,,
Trident,,,,,,,,,,,,,,,,,,,,,,,,,,,,,,,,,,,,
Pigmy Pot-Congo Pointe Noire,,,,,,,,,,,,,,,,,,,,,,,,,,,,,,,,,,,,
Taint,,,,,,,,,,,,,,,,,,,,,,,,,,,,,,,,,,,,
Williams Wonder,,,,,,,,,,,,,,,,,,,,,,,,,,,,,,,,,,,,
Charlotte's Web,,,,,,,,,,,,,,,,,,,,,,,,,,,,,,,,,,,,
Canuvo God Bud - 0,,,,,,,,,,,,,,,,,,,,,,,,,,,,,,,,,,,,
Canuvo Shark Shock,,,,,,,,,,,,,,,,,,,,,,,,,,,,,,,,,,,,
Tangerine OG,,,,,,,,,,,,,,,,,,,,,,,,,,,,,,,,,,,,
KWGS,,,,,,,,,,,,,,,,,,,,,,,,,,,,,,,,,,,,
Faith,,,,,,,,,,,,,,,,,,,,,,,,,,,,,,,,,,,,
ACDC,,,,,,,,,,,,,,,,,,,,,,,,,,,,,,,,,,,,
Ruby Slipper,,,,,,,,,,,,,,,,,,,,,,,,,,,,,,,,,,,,
Lucy,,,,,,,,,,,,,,,,,,,,,,,,,,,,,,,,,,,,
CBD Shark Shock,,,,,,,,,,,,,,,,,,,,,,,,,,,,,,,,,,,,
Pineapple Thai,,,,,,,,,,,,,,,,,,,,,,,,,,,,,,,,,,,,
Snow Leopard,,,,,,,,,,,,,,,,,,,,,,,,,,,,,,,,,,,,
Pineapple Chunk,,,,,,,,,,,,,,,,,,,,,,,,,,,,,,,,,,,,
Berry Beard,,,,,,,,,,,,,,,,,,,,,,,,,,,,,,,,,,,,
Bogota Breeze,,,,,,,,,,,,,,,,,,,,,,,,,,,,,,,,,,,,
Skywalker Kush,,,,,,,,,,,,,,,,,,,,,,,,,,,,,,,,,,,,
White Fire A,,,,,,,,,,,,,,,,,,,,,,,,,,,,,,,,,,,,
Blue dynamite,,,,,,,,,,,,,,,,,,,,,,,,,,,,,,,,,,,,
Jagor OG,,,,,,,,,,,,,,,,,,,,,,,,,,,,,,,,,,,,
Flo-Rida,,,,,,,,,,,,,,,,,,,,,,,,,,,,,,,,,,,,
AC/DC,,,,,,,,,,,,,,,,,,,,,,,,,,,,,,,,,,,,
Mexican,,,,,,,,,,,,,,,,,,,,,,,,,,,,,,,,,,,,
Purple Diesel,,,,,,,,,,,,,,,,,,,,,,,,,,,,,,,,,,,,
Girl Scout Cookies,,,,,,,,,,,,,,,,,,,,,,,,,,,,,,,,,,,,
Pit Bull,,,,,,,,,,,,,,,,,,,,,,,,,,,,,,,,,,,,
Ruby,,,,,,,,,,,,,,,,,,,,,,,,,,,,,,,,,,,,
Kracken,,,,,,,,,,,,,,,,,,,,,,,,,,,,,,,,,,,,
Amnesia,,,,,,,,,,,,,,,,,,,,,,,,,,,,,,,,,,,,
San Diego Cat Piss,,,,,,,,,,,,,,,,,,,,,,,,,,,,,,,,,,,,
ACDC,,,,,,,,,,,,,,,,,,,,,,,,,,,,,,,,,,,,
9 mile,,,,,,,,,,,,,,,,,,,,,,,,,,,,,,,,,,,,
Snow White,,,,,,,,,,,,,,,,,,,,,,,,,,,,,,,,,,,,
Afghan Kush,,,,,,,,,,,,,,,,,,,,,,,,,,,,,,,,,,,,
Frisco OG,,,,,,,,,,,,,,,,,,,,,,,,,,,,,,,,,,,,
Ripped Bubba,,,,,,,,,,,,,,,,,,,,,,,,,,,,,,,,,,,,
Silver Tip,,,,,,,,,,,,,,,,,,,,,,,,,,,,,,,,,,,,
Violet,,,,,,,,,,,,,,,,,,,,,,,,,,,,,,,,,,,,
Tanzanian A,,,,,,,,,,,,,,,,,,,,,,,,,,,,,,,,,,,,
Animal Cookies,,,,,,,,,,,,,,,,,,,,,,,,,,,,,,,,,,,,
White Fire,,,,,,,,,,,,,,,,,,,,,,,,,,,,,,,,,,,,
Sour Tsunami,,,,,,,,,,,,,,,,,,,,,,,,,,,,,,,,,,,,
Kings Randsome,,,,,,,,,,,,,,,,,,,,,,,,,,,,,,,,,,,,
White Fire,,,,,,,,,,,,,,,,,,,,,,,,,,,,,,,,,,,,
Alcatraz OG,,,,,,,,,,,,,,,,,,,,,,,,,,,,,,,,,,,,
Juanita Dogramosa,,,,,,,,,,,,,,,,,,,,,,,,,,,,,,,,,,,,
Markant Hemp,,,,,,,,,,,,,,,,,,,,,,,,,,,,,,,,,,,,
Ivory Hemp,,,,,,,,,,,,,,,,,,,,,,,,,,,,,,,,,,,,
Laspur Gold Pakistan,,,,,,,,,,,,,,,,,,,,,,,,,,,,,,,,,,,,
Yarkhun WS,,,,,,,,,,,,,,,,,,,,,,,,,,,,,,,,,,,,
Pakistan,,,,,,,,,,,,,,,,,,,,,,,,,,,,,,,,,,,,
Swaziland great,,,,,,,,,,,,,,,,,,,,,,,,,,,,,,,,,,,,
Pakistan,,,,,,,,,,,,,,,,,,,,,,,,,,,,,,,,,,,,
Nepal,,,,,,,,,,,,,,,,,,,,,,,,,,,,,,,,,,,,
Lemon GPG Kush,,,,,,,,,,,,,,,,,,,,,,,,,,,,,,,,,,,,
Grape Ape,,,,,,,,,,,,,,,,,,,,,,,,,,,,,,,,,,,,
ACDC,,,,,,,,,,,,,,,,,,,,,,,,,,,,,,,,,,,,
The Helper,,,,,,,,,,,,,,,,,,,,,,,,,,,,,,,,,,,,
Durban Poison,,,,,,,,,,,,,,,,,,,,,,,,,,,,,,,,,,,,
Bubba Kush,,,,,,,,,,,,,,,,,,,,,,,,,,,,,,,,,,,,
Mango Zamal,,,,,,,,,,,,,,,,,,,,,,,,,,,,,,,,,,,,
Laos,,,,,,,,,,,,,,,,,,,,,,,,,,,,,,,,,,,,
Afterglow,,,,,,,,,,,,,,,,,,,,,,,,,,,,,,,,,,,,
Afgoo,,,,,,,,,,,,,,,,,,,,,,,,,,,,,,,,,,,,
Cannatonic,,,,,,,,,,,,,,,,,,,,,,,,,,,,,,,,,,,,
Cannatonic,,,,,,,,,,,,,,,,,,,,,,,,,,,,,,,,,,,,
Sour Bubble 4,,,,,,,,,,,,,,,,,,,,,,,,,,,,,,,,,,,,
Catatonic,,,,,,,,,,,,,,,,,,,,,,,,,,,,,,,,,,,,
Dogwalker OG,,,,,,,,,,,,,,,,,,,,,,,,,,,,,,,,,,,,
Strawberry Cough,,,,,,,,,,,,,,,,,,,,,,,,,,,,,,,,,,,,
Peach Kush,,,,,,,,,,,,,,,,,,,,,,,,,,,,,,,,,,,,
Grand Daddy Purple,,,,,,,,,,,,,,,,,,,,,,,,,,,,,,,,,,,,
Romulan Cotton Candy,,,,,,,,,,,,,,,,,,,,,,,,,,,,,,,,,,,,
NYC Diesel 06,,,,,,,,,,,,,,,,,,,,,,,,,,,,,,,,,,,,
Hmong Thailand,,,,,,,,,,,,,,,,,,,,,,,,,,,,,,,,,,,,
Chiang Mai Thailand,,,,,,,,,,,,,,,,,,,,,,,,,,,,,,,,,,,,
PN Columbia Pelo Naranja,,,,,,,,,,,,,,,,,,,,,,,,,,,,,,,,,,,,
Isaan Thailand,,,,,,,,,,,,,,,,,,,,,,,,,,,,,,,,,,,,
New Caledonia,,,,,,,,,,,,,,,,,,,,,,,,,,,,,,,,,,,,
Colombia Taganga,,,,,,,,,,,,,,,,,,,,,,,,,,,,,,,,,,,,
Yarkhun E,,,,,,,,,,,,,,,,,,,,,,,,,,,,,,,,,,,,
Nepal 2010,,,,,,,,,,,,,,,,,,,,,,,,,,,,,,,,,,,,
Kali 21 China,,,,,,,,,,,,,,,,,,,,,,,,,,,,,,,,,,,,
Colombian 20's,,,,,,,,,,,,,,,,,,,,,,,,,,,,,,,,,,,,
Animal Cookies,,,,,,,,,,,,,,,,,,,,,,,,,,,,,,,,,,,,
Strawberry Cough,,,,,,,,,,,,,,,,,,,,,,,,,,,,,,,,,,,,
Animal Cookies,,,,,,,,,,,,,,,,,,,,,,,,,,,,,,,,,,,,
RS2,,,,,,,,,,,,,,,,,,,,,,,,,,,,,,,,,,,,
Caramelicious,,,,,,,,,,,,,,,,,,,,,,,,,,,,,,,,,,,,
Tangie,,,,,,,,,,,,,,,,,,,,,,,,,,,,,,,,,,,,
Ingrid,,,,,,,,,,,,,,,,,,,,,,,,,,,,,,,,,,,,
Dabney Blue,,,,,,,,,,,,,,,,,,,,,,,,,,,,,,,,,,,,
Red Congo,,,,,,,,,,,,,,,,,,,,,,,,,,,,,,,,,,,,
Chemdawg,,,,,,,,,,,,,,,,,,,,,,,,,,,,,,,,,,,,
Original Diesel,,,,,,,,,,,,,,,,,,,,,,,,,,,,,,,,,,,,
Strawberry Rhino,,,,,,,,,,,,,,,,,,,,,,,,,,,,,,,,,,,,
Kush,,,,,,,,,,,,,,,,,,,,,,,,,,,,,,,,,,,,
Vietnam Delat,,,,,,,,,,,,,,,,,,,,,,,,,,,,,,,,,,,,
Panama Standard,,,,,,,,,,,,,,,,,,,,,,,,,,,,,,,,,,,,
Mexico Oaxaca,,,,,,,,,,,,,,,,,,,,,,,,,,,,,,,,,,,,
Angola Fem 2004,,,,,,,,,,,,,,,,,,,,,,,,,,,,,,,,,,,,
Nicaragua 4,,,,,,,,,,,,,,,,,,,,,,,,,,,,,,,,,,,,
Papua New Guinea,,,,,,,,,,,,,,,,,,,,,,,,,,,,,,,,,,,,
Ethiopian 4,,,,,,,,,,,,,,,,,,,,,,,,,,,,,,,,,,,,
Senegal,,,,,,,,,,,,,,,,,,,,,,,,,,,,,,,,,,,,
Mexico Oaxaca 79 S1,,,,,,,,,,,,,,,,,,,,,,,,,,,,,,,,,,,,
Paraguay 1,,,,,,,,,,,,,,,,,,,,,,,,,,,,,,,,,,,,
Miyagi,,,,,,,,,,,,,,,,,,,,,,,,,,,,,,,,,,,,
Flo,,,,,,,,,,,,,,,,,,,,,,,,,,,,,,,,,,,,
New Jack Herer,,,,,,,,,,,,,,,,,,,,,,,,,,,,,,,,,,,,
LA Confidential,,,,,,,,,,,,,,,,,,,,,,,,,,,,,,,,,,,,
Lee Roy OG,,,,,,,,,,,,,,,,,,,,,,,,,,,,,,,,,,,,
Purple Alien OG,,,,,,,,,,,,,,,,,,,,,,,,,,,,,,,,,,,,
Lands End,,,,,,,,,,,,,,,,,,,,,,,,,,,,,,,,,,,,
Durban Poison,,,,,,,,,,,,,,,,,,,,,,,,,,,,,,,,,,,,
Blue Dynamite,,,,,,,,,,,,,,,,,,,,,,,,,,,,,,,,,,,,
Apple Kush,,,,,,,,,,,,,,,,,,,,,,,,,,,,,,,,,,,,
LINE 43/178 Romania,,,,,,,,,,,,,,,,,,,,,,,,,,,,,,,,,,,,
Agent Orange x 501OG,,,,,,,,,,,,,,,,,,,,,,,,,,,,,,,,,,,,
Sweet Island Skunk,,,,,,,,,,,,,,,,,,,,,,,,,,,,,,,,,,,,
Kalinga Philippines,,,,,,,,,,,,,,,,,,,,,,,,,,,,,,,,,,,,
Skunk #1,,,,,,,,,,,,,,,,,,,,,,,,,,,,,,,,,,,,
Uzbekistan P5,,,,,,,,,,,,,,,,,,,,,,,,,,,,,,,,,,,,
Panama,,,,,,,,,,,,,,,,,,,,,,,,,,,,,,,,,,,,
Hokkaido Japan,,,,,,,,,,,,,,,,,,,,,,,,,,,,,,,,,,,,
Oaxaca 79,,,,,,,,,,,,,,,,,,,,,,,,,,,,,,,,,,,,
Tian Shui Giansu China,,,,,,,,,,,,,,,,,,,,,,,,,,,,,,,,,,,,
Honduras,,,,,,,,,,,,,,,,,,,,,,,,,,,,,,,,,,,,
Malanje Local 90's Liamba Angola,,,,,,,,,,,,,,,,,,,,,,,,,,,,,,,,,,,,
Afghani #1 x Skunk #1,,,,,,,,,,,,,,,,,,,,,,,,,,,,,,,,,,,,
Morocco,,,,,,,,,,,,,,,,,,,,,,,,,,,,,,,,,,,,
Uzbekistan P4,,,,,,,,,,,,,,,,,,,,,,,,,,,,,,,,,,,,
Mangobiche Colombia,,,,,,,,,,,,,,,,,,,,,,,,,,,,,,,,,,,,
Pakistan Valley Kush,,,,,,,,,,,,,,,,,,,,,,,,,,,,,,,,,,,,
Galakc Shun,,,,,,,,,,,,,,,,,,,,,,,,,,,,,,,,,,,,
Papua New Guinea,,,,,,,,,,,,,,,,,,,,,,,,,,,,,,,,,,,,
Ghana,,,,,,,,,,,,,,,,,,,,,,,,,,,,,,,,,,,,
Colombia,,,,,,,,,,,,,,,,,,,,,,,,,,,,,,,,,,,,
India Vidaypur,,,,,,,,,,,,,,,,,,,,,,,,,,,,,,,,,,,,
Thailand,,,,,,,,,,,,,,,,,,,,,,,,,,,,,,,,,,,,
Kazakhstan,,,,,,,,,,,,,,,,,,,,,,,,,,,,,,,,,,,,
Finola,,,,,,,,,,,,,,,,,,,,,,,,,,,,,,,,,,,,
Kazakhstan,,,,,,,,,,,,,,,,,,,,,,,,,,,,,,,,,,,,
Kazakhstan,,,,,,,,,,,,,,,,,,,,,,,,,,,,,,,,,,,,
Finola,,,,,,,,,,,,,,,,,,,,,,,,,,,,,,,,,,,,
Kenya Kisumu,,,,,,,,,,,,,,,,,,,,,,,,,,,,,,,,,,,,
Fertodi Hungary,,,,,,,,,,,,,,,,,,,,,,,,,,,,,,,,,,,,
India Khandwa,,,,,,,,,,,,,,,,,,,,,,,,,,,,,,,,,,,,
India,,,,,,,,,,,,,,,,,,,,,,,,,,,,,,,,,,,,
Charlotte's Web,,,,,,,,,,,,,,,,,,,,,,,,,,,,,,,,,,,,
Toto,,,,,,,,,,,,,,,,,,,,,,,,,,,,,,,,,,,,
Unknown #1,,,,,,,,,,,,,,,,,,,,,,,,,,,,,,,,,,,,
Unknown #2,,,,,,,,,,,,,,,,,,,,,,,,,,,,,,,,,,,,
Kazakhstan,,,,,,,,,,,,,,,,,,,,,,,,,,,,,,,,,,,,
Finola,,,,,,,,,,,,,,,,,,,,,,,,,,,,,,,,,,,,
Cinex,,,,,,,,,,,,,,,,,,,,,,,,,,,,,,,,,,,,
Kazakhstan,,,,,,,,,,,,,,,,,,,,,,,,,,,,,,,,,,,,
Kazakhstan,,,,,,,,,,,,,,,,,,,,,,,,,,,,,,,,,,,,
Agent Orange x 501OG,,,,,,,,,,,,,,,,,,,,,,,,,,,,,,,,,,,,
Nepal Pahari,,,,,,,,,,,,,,,,,,,,,,,,,,,,,,,,,,,,
Cinex x 501OG,,,,,,,,,,,,,,,,,,,,,,,,,,,,,,,,,,,,
Cinex x 501OG,,,,,,,,,,,,,,,,,,,,,,,,,,,,,,,,,,,,
Fertodi Hungary,,,,,,,,,,,,,,,,,,,,,,,,,,,,,,,,,,,,
Hybrid Krasnodarskii 10 FB Russia,,,,,,,,,,,,,,,,,,,,,,,,,,,,,,,,,,,,
Agent Orange,,,,,,,,,,,,,,,,,,,,,,,,,,,,,,,,,,,,
Colombia Sabanira,,,,,,,,,,,,,,,,,,,,,,,,,,,,,,,,,,,,
Afgoo,,,,,,,,,,,,,,,,,,,,,,,,,,,,,,,,,,,,
Paraguay 3 1996,,,,,,,,,,,,,,,,,,,,,,,,,,,,,,,,,,,,
Jamaican Lambsbread 60/70,,,,,,,,,,,,,,,,,,,,,,,,,,,,,,,,,,,,
Kazakhstan,,,,,,,,,,,,,,,,,,,,,,,,,,,,,,,,,,,,
Cannatonic,,,,,,,,,,,,,,,,,,,,,,,,,,,,,,,,,,,,
Jack Herer,,,,,,,,,,,,,,,,,,,,,,,,,,,,,,,,,,,,
Brazil Pernambuco,,,,,,,,,,,,,,,,,,,,,,,,,,,,,,,,,,,,
Fisher's CBD,,,,,,,,,,,,,,,,,,,,,,,,,,,,,,,,,,,,
Jack Herer,,,,,,,,,,,,,,,,,,,,,,,,,,,,,,,,,,,,
Papua New Guinea,,,,,,,,,,,,,,,,,,,,,,,,,,,,,,,,,,,,
Mangobiche Colombia,,,,,,,,,,,,,,,,,,,,,,,,,,,,,,,,,,,,
Bolonska Yugoslavia,,,,,,,,,,,,,,,,,,,,,,,,,,,,,,,,,,,,
Thailand,,,,,,,,,,,,,,,,,,,,,,,,,,,,,,,,,,,,
Mestnayal Bulgaria,,,,,,,,,,,,,,,,,,,,,,,,,,,,,,,,,,,,
Mestnayal Ukraine,,,,,,,,,,,,,,,,,,,,,,,,,,,,,,,,,,,,
Yugoslavia,,,,,,,,,,,,,,,,,,,,,,,,,,,,,,,,,,,,
Odnodomnaya Poland,,,,,,,,,,,,,,,,,,,,,,,,,,,,,,,,,,,,
Kazakhstan,,,,,,,,,,,,,,,,,,,,,,,,,,,,,,,,,,,,
Cinex x 501OG,,,,,,,,,,,,,,,,,,,,,,,,,,,,,,,,,,,,
Cinex x 501OG,,,,,,,,,,,,,,,,,,,,,,,,,,,,,,,,,,,,
Cinex x 501OG,,,,,,,,,,,,,,,,,,,,,,,,,,,,,,,,,,,,
Afghanistan Kyber Pass,,,,,,,,,,,,,,,,,,,,,,,,,,,,,,,,,,,,
Watkins,,,,,,,,,,,,,,,,,,,,,,,,,,,,,,,,,,,,
Agent Orange x 501OG,,,,,,,,,,,,,,,,,,,,,,,,,,,,,,,,,,,,
Agent Orange x 501OG,,,,,,,,,,,,,,,,,,,,,,,,,,,,,,,,,,,,
Agent Orange x 501OG,,,,,,,,,,,,,,,,,,,,,,,,,,,,,,,,,,,,
Baox,,,,,,,,,,,,,,,,,,,,,,,,,,,,,,,,,,,,
TJ,,,,,,,,,,,,,,,,,,,,,,,,,,,,,,,,,,,,
Pakistan Chitral,,,,,,,,,,,,,,,,,,,,,,,,,,,,,,,,,,,,
Sumatra Tuk Tuk,,,,,,,,,,,,,,,,,,,,,,,,,,,,,,,,,,,,
Purple Hindu Kush,,,,,,,,,,,,,,,,,,,,,,,,,,,,,,,,,,,,
Nicaragua,,,,,,,,,,,,,,,,,,,,,,,,,,,,,,,,,,,,
Tian Shui Giansu China,,,,,,,,,,,,,,,,,,,,,,,,,,,,,,,,,,,,
Skunk #1,,,,,,,,,,,,,,,,,,,,,,,,,,,,,,,,,,,,
Yunnan China,,,,,,,,,,,,,,,,,,,,,,,,,,,,,,,,,,,,
Cotton Candy DL,,,,,,,,,,,,,,,,,,,,,,,,,,,,,,,,,,,,
Blue Magoo,,,,,,,,,,,,,,,,,,,,,,,,,,,,,,,,,,,,
Kauai Aloha,,,,,,,,,,,,,,,,,,,,,,,,,,,,,,,,,,,,
Polish Hemp,,,,,,,,,,,,,,,,,,,,,,,,,,,,,,,,,,,,
Romanian Hemp,,,,,,,,,,,,,,,,,,,,,,,,,,,,,,,,,,,,
Ace of Spades,,,,,,,,,,,,,,,,,,,,,,,,,,,,,,,,,,,,
Durban Poison,,,,,,,,,,,,,,,,,,,,,,,,,,,,,,,,,,,,
Denmark,,,,,,,,,,,,,,,,,,,,,,,,,,,,,,,,,,,,
Richard VI,,,,,,,,,,,,,,,,,,,,,,,,,,,,,,,,,,,,
PurPur TI,,,,,,,,,,,,,,,,,,,,,,,,,,,,,,,,,,,,
Rooster,,,,,,,,,,,,,,,,,,,,,,,,,,,,,,,,,,,,
German Hemp,,,,,,,,,,,,,,,,,,,,,,,,,,,,,,,,,,,,
Iowa Feral Hemp,,,,,,,,,,,,,,,,,,,,,,,,,,,,,,,,,,,,
Portuguese Hemp,,,,,,,,,,,,,,,,,,,,,,,,,,,,,,,,,,,,
Gambia,,,,,,,,,,,,,,,,,,,,,,,,,,,,,,,,,,,,
Sumatra,,,,,,,,,,,,,,,,,,,,,,,,,,,,,,,,,,,,
Malawi,,,,,,,,,,,,,,,,,,,,,,,,,,,,,,,,,,,,
Thailand,,,,,,,,,,,,,,,,,,,,,,,,,,,,,,,,,,,,
Oregon Pineapple,,,,,,,,,,,,,,,,,,,,,,,,,,,,,,,,,,,,
Panda OG,,,,,,,,,,,,,,,,,,,,,,,,,,,,,,,,,,,,
Gorilla Glue #4,,,,,,,,,,,,,,,,,,,,,,,,,,,,,,,,,,,,
Sour Diesel,,,,,,,,,,,,,,,,,,,,,,,,,,,,,,,,,,,,
Sour Diesel,,,,,,,,,,,,,,,,,,,,,,,,,,,,,,,,,,,,
Gorilla Glue #4,,,,,,,,,,,,,,,,,,,,,,,,,,,,,,,,,,,,
Gorilla Glue #4,,,,,,,,,,,,,,,,,,,,,,,,,,,,,,,,,,,,
Gorilla Glue #4,,,,,,,,,,,,,,,,,,,,,,,,,,,,,,,,,,,,
Sour Diesel,,,,,,,,,,,,,,,,,,,,,,,,,,,,,,,,,,,,
Sour Diesel,,,,,,,,,,,,,,,,,,,,,,,,,,,,,,,,,,,,
Sour Diesel,,,,,,,,,,,,,,,,,,,,,,,,,,,,,,,,,,,,
Gorilla Glue #4,,,,,,,,,,,,,,,,,,,,,,,,,,,,,,,,,,,,
Legend,,,,,,,,,,,,,,,,,,,,,,,,,,,,,,,,,,,,
Cinex,,,,,,,,,,,,,,,,,,,,,,,,,,,,,,,,,,,,
Panda Cookies,,,,,,,,,,,,,,,,,,,,,,,,,,,,,,,,,,,,
AJ Sour Diesel,,,,,,,,,,,,,,,,,,,,,,,,,,,,,,,,,,,,
Chernobyl,,,,,,,,,,,,,,,,,,,,,,,,,,,,,,,,,,,,
Changxin Dao,,,,,,,,,,,,,,,,,,,,,,,,,,,,,,,,,,,,
Yulong,,,,,,,,,,,,,,,,,,,,,,,,,,,,,,,,,,,,
Columbian Gold,,,,,,,,,,,,,,,,,,,,,,,,,,,,,,,,,,,,
Star,,,,,,,,,,,,,,,,,,,,,,,,,,,,,,,,,,,,
Raziel,,,,,,,,,,,,,,,,,,,,,,,,,,,,,,,,,,,,
Camael #1,,,,,,,,,,,,,,,,,,,,,,,,,,,,,,,,,,,,
Saroel,,,,,,,,,,,,,,,,,,,,,,,,,,,,,,,,,,,,
Hael #2,,,,,,,,,,,,,,,,,,,,,,,,,,,,,,,,,,,,
Gorilla Glue #4,,,,,,,,,,,,,,,,,,,,,,,,,,,,,,,,,,,,
Sour Diesel,,,,,,,,,,,,,,,,,,,,,,,,,,,,,,,,,,,,
Gorilla Glue #4,,,,,,,,,,,,,,,,,,,,,,,,,,,,,,,,,,,,
Sour Diesel,,,,,,,,,,,,,,,,,,,,,,,,,,,,,,,,,,,,
Namibian Landrace,,,,,,,,,,,,,,,,,,,,,,,,,,,,,,,,,,,,
Hawaiian,,,,,,,,,,,,,,,,,,,,,,,,,,,,,,,,,,,,
Thailand,,,,,,,,,,,,,,,,,,,,,,,,,,,,,,,,,,,,
Nepali,,,,,,,,,,,,,,,,,,,,,,,,,,,,,,,,,,,,
Colombia,,,,,,,,,,,,,,,,,,,,,,,,,,,,,,,,,,,,
Kauai,,,,,,,,,,,,,,,,,,,,,,,,,,,,,,,,,,,,
Malawi,,,,,,,,,,,,,,,,,,,,,,,,,,,,,,,,,,,,
Nepal,,,,,,,,,,,,,,,,,,,,,,,,,,,,,,,,,,,,
Kashmir,,,,,,,,,,,,,,,,,,,,,,,,,,,,,,,,,,,,
Paraguay 2,,,,,,,,,,,,,,,,,,,,,,,,,,,,,,,,,,,,
OG Chem,,,,,,,,,,,,,,,,,,,,,,,,,,,,,,,,,,,,
P-91,,,,,,,,,,,,,,,,,,,,,,,,,,,,,,,,,,,,
Moonshot,,,,,,,,,,,,,,,,,,,,,,,,,,,,,,,,,,,,
Hapa Huli,,,,,,,,,,,,,,,,,,,,,,,,,,,,,,,,,,,,
Kauai Princess,,,,,,,,,,,,,,,,,,,,,,,,,,,,,,,,,,,,
Kauai P&G,,,,,,,,,,,,,,,,,,,,,,,,,,,,,,,,,,,,
Golden Pineapple,,,,,,,,,,,,,,,,,,,,,,,,,,,,,,,,,,,,
Hippie Crippler,,,,,,,,,,,,,,,,,,,,,,,,,,,,,,,,,,,,
Puhi Fog,,,,,,,,,,,,,,,,,,,,,,,,,,,,,,,,,,,,
Bluebery Kush,,,,,,,,,,,,,,,,,,,,,,,,,,,,,,,,,,,,
Blue Dream,,,,,,,,,,,,,,,,,,,,,,,,,,,,,,,,,,,,
Gogi Glue,,,,,,,,,,,,,,,,,,,,,,,,,,,,,,,,,,,,
Lavendar,,,,,,,,,,,,,,,,,,,,,,,,,,,,,,,,,,,,
Animal Cookies,,,,,,,,,,,,,,,,,,,,,,,,,,,,,,,,,,,,
Purple God Bud,,,,,,,,,,,,,,,,,,,,,,,,,,,,,,,,,,,,
White Afghan,,,,,,,,,,,,,,,,,,,,,,,,,,,,,,,,,,,,
Strawberry Ice,,,,,,,,,,,,,,,,,,,,,,,,,,,,,,,,,,,,
Northern Thunder,,,,,,,,,,,,,,,,,,,,,,,,,,,,,,,,,,,,
Sugar Berries,,,,,,,,,,,,,,,,,,,,,,,,,,,,,,,,,,,,
Harlequin,,,,,,,,,,,,,,,,,,,,,,,,,,,,,,,,,,,,
Super Lemon Haze,,,,,,,,,,,,,,,,,,,,,,,,,,,,,,,,,,,,
Odyssey,,,,,,,,,,,,,,,,,,,,,,,,,,,,,,,,,,,,
Dog Walker,,,,,,,,,,,,,,,,,,,,,,,,,,,,,,,,,,,,
Old Mendo Haze,,,,,,,,,,,,,,,,,,,,,,,,,,,,,,,,,,,,
Royal Rose Kush,,,,,,,,,,,,,,,,,,,,,,,,,,,,,,,,,,,,
Trainwreck,,,,,,,,,,,,,,,,,,,,,,,,,,,,,,,,,,,,
Dutch Treat,,,,,,,,,,,,,,,,,,,,,,,,,,,,,,,,,,,,
Mex,,,,,,,,,,,,,,,,,,,,,,,,,,,,,,,,,,,,
Chernobyl,,,,,,,,,,,,,,,,,,,,,,,,,,,,,,,,,,,,
Hawaiian Dutch,,,,,,,,,,,,,,,,,,,,,,,,,,,,,,,,,,,,
Stella Blue,,,,,,,,,,,,,,,,,,,,,,,,,,,,,,,,,,,,
#6 Pheno,,,,,,,,,,,,,,,,,,,,,,,,,,,,,,,,,,,,
Black Widow #1,,,,,,,,,,,,,,,,,,,,,,,,,,,,,,,,,,,,
Harlequin,,,,,,,,,,,,,,,,,,,,,,,,,,,,,,,,,,,,
The Star,,,,,,,,,,,,,,,,,,,,,,,,,,,,,,,,,,,,
613 x JH,,,,,,,,,,,,,,,,,,,,,,,,,,,,,,,,,,,,
People's Kush,,,,,,,,,,,,,,,,,,,,,,,,,,,,,,,,,,,,
Sour Flower,,,,,,,,,,,,,,,,,,,,,,,,,,,,,,,,,,,,
Tahoe OG,,,,,,,,,,,,,,,,,,,,,,,,,,,,,,,,,,,,
Platinum OG Kush,,,,,,,,,,,,,,,,,,,,,,,,,,,,,,,,,,,,
Oaksterdam OG,,,,,,,,,,,,,,,,,,,,,,,,,,,,,,,,,,,,
Headband,,,,,,,,,,,,,,,,,,,,,,,,,,,,,,,,,,,,
Dutch Treat,,,,,,,,,,,,,,,,,,,,,,,,,,,,,,,,,,,,
Tanzanian C,,,,,,,,,,,,,,,,,,,,,,,,,,,,,,,,,,,,
AC/DC,,,,,,,,,,,,,,,,,,,,,,,,,,,,,,,,,,,,
Chocolope,,,,,,,,,,,,,,,,,,,,,,,,,,,,,,,,,,,,
Platinum Headband,,,,,,,,,,,,,,,,,,,,,,,,,,,,,,,,,,,,
Purple Urkel,,,,,,,,,,,,,,,,,,,,,,,,,,,,,,,,,,,,
Harlequin,,,,,,,,,,,,,,,,,,,,,,,,,,,,,,,,,,,,
Black Betty,,,,,,,,,,,,,,,,,,,,,,,,,,,,,,,,,,,,
Ice Queen,,,,,,,,,,,,,,,,,,,,,,,,,,,,,,,,,,,,
White Widow,,,,,,,,,,,,,,,,,,,,,,,,,,,,,,,,,,,,
"The ""L"" Word",,,,,,,,,,,,,,,,,,,,,,,,,,,,,,,,,,,,
XXX,,,,,,,,,,,,,,,,,,,,,,,,,,,,,,,,,,,,
Green Corn,,,,,,,,,,,,,,,,,,,,,,,,,,,,,,,,,,,,
Bright moments,,,,,,,,,,,,,,,,,,,,,,,,,,,,,,,,,,,,
Malawi,,,,,,,,,,,,,,,,,,,,,,,,,,,,,,,,,,,,
Lemon Skunk B,,,,,,,,,,,,,,,,,,,,,,,,,,,,,,,,,,,,
Red Beard,,,,,,,,,,,,,,,,,,,,,,,,,,,,,,,,,,,,
Girl Scout Cookie,,,,,,,,,,,,,,,,,,,,,,,,,,,,,,,,,,,,
Temple OG,,,,,,,,,,,,,,,,,,,,,,,,,,,,,,,,,,,,
Chem 4,,,,,,,,,,,,,,,,,,,,,,,,,,,,,,,,,,,,
Cannatonic,,,,,,,,,,,,,,,,,,,,,,,,,,,,,,,,,,,,
Dream Queen,,,,,,,,,,,,,,,,,,,,,,,,,,,,,,,,,,,,
Sour Bubble Gum,,,,,,,,,,,,,,,,,,,,,,,,,,,,,,,,,,,,
Lemon Haze,,,,,,,,,,,,,,,,,,,,,,,,,,,,,,,,,,,,
Violet Delight,,,,,,,,,,,,,,,,,,,,,,,,,,,,,,,,,,,,
Pineapple dogshit,,,,,,,,,,,,,,,,,,,,,,,,,,,,,,,,,,,,
Platinum GirlScout Cookies,,,,,,,,,,,,,,,,,,,,,,,,,,,,,,,,,,,,
Amethyst,,,,,,,,,,,,,,,,,,,,,,,,,,,,,,,,,,,,
OG 99,,,,,,,,,,,,,,,,,,,,,,,,,,,,,,,,,,,,
UW purple,,,,,,,,,,,,,,,,,,,,,,,,,,,,,,,,,,,,
Pineapplee Kush,,,,,,,,,,,,,,,,,,,,,,,,,,,,,,,,,,,,
Atomic Northern Lights,,,,,,,,,,,,,,,,,,,,,,,,,,,,,,,,,,,,
White Buffalo,,,,,,,,,,,,,,,,,,,,,,,,,,,,,,,,,,,,
Soldier 2005,,,,,,,,,,,,,,,,,,,,,,,,,,,,,,,,,,,,
Land of Smiles,,,,,,,,,,,,,,,,,,,,,,,,,,,,,,,,,,,,
White Widow 1.1,,,,,,,,,,,,,,,,,,,,,,,,,,,,,,,,,,,,
Earth Shaker OG,,,,,,,,,,,,,,,,,,,,,,,,,,,,,,,,,,,,
Chem D,,,,,,,,,,,,,,,,,,,,,,,,,,,,,,,,,,,,
Cherry Pie OG,,,,,,,,,,,,,,,,,,,,,,,,,,,,,,,,,,,,
C-3,,,,,,,,,,,,,,,,,,,,,,,,,,,,,,,,,,,,
Purple Kush,,,,,,,,,,,,,,,,,,,,,,,,,,,,,,,,,,,,
Oregon Pinot Noir,,,,,,,,,,,,,,,,,,,,,,,,,,,,,,,,,,,,
Cannatonic,,,,,,,,,,,,,,,,,,,,,,,,,,,,,,,,,,,,
Sweet Island Skunk,,,,,,,,,,,,,,,,,,,,,,,,,,,,,,,,,,,,
Medicine Man,,,,,,,,,,,,,,,,,,,,,,,,,,,,,,,,,,,,
BigBud x White Widow,,,,,,,,,,,,,,,,,,,,,,,,,,,,,,,,,,,,
Kryptonite,,,,,,,,,,,,,,,,,,,,,,,,,,,,,,,,,,,,
Kepler 22B Kush,,,,,,,,,,,,,,,,,,,,,,,,,,,,,,,,,,,,
FOG,,,,,,,,,,,,,,,,,,,,,,,,,,,,,,,,,,,,
Dog shit,,,,,,,,,,,,,,,,,,,,,,,,,,,,,,,,,,,,
AC/DC,,,,,,,,,,,,,,,,,,,,,,,,,,,,,,,,,,,,
Tangerine,,,,,,,,,,,,,,,,,,,,,,,,,,,,,,,,,,,,
Blue Dream,,,,,,,,,,,,,,,,,,,,,,,,,,,,,,,,,,,,
Ghost,,,,,,,,,,,,,,,,,,,,,,,,,,,,,,,,,,,,
Jack Frost,,,,,,,,,,,,,,,,,,,,,,,,,,,,,,,,,,,,
Skunk Haze,,,,,,,,,,,,,,,,,,,,,,,,,,,,,,,,,,,,
GSC,,,,,,,,,,,,,,,,,,,,,,,,,,,,,,,,,,,,
Star Trek,,,,,,,,,,,,,,,,,,,,,,,,,,,,,,,,,,,,
Hazy Train,,,,,,,,,,,,,,,,,,,,,,,,,,,,,,,,,,,,
AC/DC,,,,,,,,,,,,,,,,,,,,,,,,,,,,,,,,,,,,
C-Rex,,,,,,,,,,,,,,,,,,,,,,,,,,,,,,,,,,,,
Wombat,,,,,,,,,,,,,,,,,,,,,,,,,,,,,,,,,,,,
Sour Queen,,,,,,,,,,,,,,,,,,,,,,,,,,,,,,,,,,,,
Pineapple,,,,,,,,,,,,,,,,,,,,,,,,,,,,,,,,,,,,
Munkey,,,,,,,,,,,,,,,,,,,,,,,,,,,,,,,,,,,,
LA Confidential,,,,,,,,,,,,,,,,,,,,,,,,,,,,,,,,,,,,
UKAW 2,,,,,,,,,,,,,,,,,,,,,,,,,,,,,,,,,,,,
#5 Pheno Afghan Dom,,,,,,,,,,,,,,,,,,,,,,,,,,,,,,,,,,,,
VooDoo Kush,,,,,,,,,,,,,,,,,,,,,,,,,,,,,,,,,,,,
Super Lemon OG,,,,,,,,,,,,,,,,,,,,,,,,,,,,,,,,,,,,
CinX,,,,,,,,,,,,,,,,,,,,,,,,,,,,,,,,,,,,
Omega Dawg,,,,,,,,,,,,,,,,,,,,,,,,,,,,,,,,,,,,
Tangie A,,,,,,,,,,,,,,,,,,,,,,,,,,,,,,,,,,,,
Sour Kush,,,,,,,,,,,,,,,,,,,,,,,,,,,,,,,,,,,,
El Nino,,,,,,,,,,,,,,,,,,,,,,,,,,,,,,,,,,,,
Blue ali,,,,,,,,,,,,,,,,,,,,,,,,,,,,,,,,,,,,
Wedding Cake,,,,,,,,,,,,,,,,,,,,,,,,,,,,,,,,,,,,
A Charlot's Web,,,,,,,,,,,,,,,,,,,,,,,,,,,,,,,,,,,,
Premium Jack,,,,,,,,,,,,,,,,,,,,,,,,,,,,,,,,,,,,
Blackberry GDP,,,,,,,,,,,,,,,,,,,,,,,,,,,,,,,,,,,,
Harlequin,,,,,,,,,,,,,,,,,,,,,,,,,,,,,,,,,,,,
Golden Geek,,,,,,,,,,,,,,,,,,,,,,,,,,,,,,,,,,,,
Sour/Sage,,,,,,,,,,,,,,,,,,,,,,,,,,,,,,,,,,,,
Dead Head OG,,,,,,,,,,,,,,,,,,,,,,,,,,,,,,,,,,,,
AC/DC,,,,,,,,,,,,,,,,,,,,,,,,,,,,,,,,,,,,
Cher-Willie Plant 2,,,,,,,,,,,,,,,,,,,,,,,,,,,,,,,,,,,,
White Widow,,,,,,,,,,,,,,,,,,,,,,,,,,,,,,,,,,,,
Mendo Early Girl x Headband,,,,,,,,,,,,,,,,,,,,,,,,,,,,,,,,,,,,
Afghan #1/10,,,,,,,,,,,,,,,,,,,,,,,,,,,,,,,,,,,,
Pink Champagne,,,,,,,,,,,,,,,,,,,,,,,,,,,,,,,,,,,,
Pineapple Kush,,,,,,,,,,,,,,,,,,,,,,,,,,,,,,,,,,,,
Ginger Kid,,,,,,,,,,,,,,,,,,,,,,,,,,,,,,,,,,,,
Pineapple Purple Berry,,,,,,,,,,,,,,,,,,,,,,,,,,,,,,,,,,,,
Sanoma Coma,,,,,,,,,,,,,,,,,,,,,,,,,,,,,,,,,,,,
Chemdawg special reserve,,,,,,,,,,,,,,,,,,,,,,,,,,,,,,,,,,,,
Diablo OG,,,,,,,,,,,,,,,,,,,,,,,,,,,,,,,,,,,,
Sugar Plum,,,,,,,,,,,,,,,,,,,,,,,,,,,,,,,,,,,,
Headband,,,,,,,,,,,,,,,,,,,,,,,,,,,,,,,,,,,,
Mandarin Sunset,,,,,,,,,,,,,,,,,,,,,,,,,,,,,,,,,,,,
Blueberry,,,,,,,,,,,,,,,,,,,,,,,,,,,,,,,,,,,,
SFV,,,,,,,,,,,,,,,,,,,,,,,,,,,,,,,,,,,,
Space Candy,,,,,,,,,,,,,,,,,,,,,,,,,,,,,,,,,,,,
Albert Walker,,,,,,,,,,,,,,,,,,,,,,,,,,,,,,,,,,,,
Peanut Butter + Jelly,,,,,,,,,,,,,,,,,,,,,,,,,,,,,,,,,,,,
Galactic Jack,,,,,,,,,,,,,,,,,,,,,,,,,,,,,,,,,,,,
Northern Lights,,,,,,,,,,,,,,,,,,,,,,,,,,,,,,,,,,,,
Premium Jack,,,,,,,,,,,,,,,,,,,,,,,,,,,,,,,,,,,,
Obama,,,,,,,,,,,,,,,,,,,,,,,,,,,,,,,,,,,,
Lemon Diesel,,,,,,,,,,,,,,,,,,,,,,,,,,,,,,,,,,,,
Ace of Spades,,,,,,,,,,,,,,,,,,,,,,,,,,,,,,,,,,,,
Blackberry Kush,,,,,,,,,,,,,,,,,,,,,,,,,,,,,,,,,,,,
